"2024-12-18T05:10:47Z";"CREATE_CHEST";"{"chest":{"location":{"world":"world","x":-390.0,"y":-60.0,"z":-249.0},"createdAt":1734498647240,"expireAt":1734499247240,"owner":{"name":"sang2934","op":true,"id":"8b1d0df2-2113-3d44-9c80-473ba0cfb6aa","entity-id":201,"location":{"world":"world","x":-389.69999998807907,"y":-60.0,"z":-248.69999998807907,"yaw":-14.58905,"pitch":76.14316}},"isProtected":false,"inventory":{"type":"CHEST","size":9,"content":[{"v":3700,"type":"WATER_BUCKET"},{"v":3700,"type":"BUCKET"},{"v":3700,"type":"LECTERN","amount":4}]}}}"
"2024-12-18T05:10:58Z";"DESTROY_CHEST";"{"chest":{"location":{"world":"world","x":-390.0,"y":-60.0,"z":-249.0},"createdAt":1734498647240,"expireAt":1734499247240,"owner":{"name":"sang2934","op":true,"id":"8b1d0df2-2113-3d44-9c80-473ba0cfb6aa","entity-id":201,"location":{"world":"world","x":-388.8367587956704,"y":-59.0,"z":-249.61544247048278,"yaw":26.410585,"pitch":62.147934}},"isProtected":false,"inventory":{"type":"CHEST","size":9,"content":[]}},"reason":"PLAYER","extra":{"player":{"name":"sang2934","op":true,"id":"8b1d0df2-2113-3d44-9c80-473ba0cfb6aa","entity-id":201,"location":{"world":"world","x":-388.8367587956704,"y":-59.0,"z":-249.61544247048278,"yaw":26.410585,"pitch":62.147934}}}}"
"2024-12-18T05:55:07Z";"CREATE_CHEST";"{"chest":{"location":{"world":"world","x":-388.0,"y":-59.0,"z":-259.0},"createdAt":1734501307942,"expireAt":1734501907942,"owner":{"name":"sang2934","op":true,"id":"8b1d0df2-2113-3d44-9c80-473ba0cfb6aa","entity-id":201,"location":{"world":"world","x":-387.255042605523,"y":-59.0,"z":-256.4806893725742,"yaw":-177.10065,"pitch":47.790337}},"isProtected":false,"inventory":{"type":"CHEST","size":27,"content":[{"v":3700,"type":"EMERALD_BLOCK","amount":64},{"v":3700,"type":"GLASS","amount":62},{"v":3700,"type":"STRING","amount":29},{"v":3700,"type":"PLAYER_HEAD","meta":{"meta-type":"SKULL","display-name":"{\"text\":\"\",\"extra\":[{\"text\":\"Villager\",\"obfuscated\":false,\"italic\":false,\"underlined\":false,\"strikethrough\":false,\"color\":\"yellow\",\"bold\":false}]}","lore":["{\"text\":\"\",\"extra\":[{\"text\":\"Right click to place the villager back.\",\"obfuscated\":false,\"italic\":false,\"underlined\":false,\"strikethrough\":false,\"color\":\"dark_gray\",\"bold\":false}]}"],"PublicBukkitValues":"{\n    \"clickvillagers:villager_owner\": \"\",\n    \"clickvillagers:villager_tradable\": 1b,\n    \"clickvillagers:villager_uuid\": \"b8c3edef-7fe7-4fd8-a534-7d6df07ee7b3\"\n}","skull-owner":{}}},{"v":3700,"type":"OBSIDIAN","amount":10},{"v":3700,"type":"DIAMOND_PICKAXE","meta":{"meta-type":"UNSPECIFIC","enchants":{"DIG_SPEED":5,"MENDING":1,"SILK_TOUCH":1,"DURABILITY":3},"repair-cost":15,"Damage":12}},{"v":3700,"type":"DIAMOND_SWORD","meta":{"meta-type":"UNSPECIFIC","enchants":{"FIRE_ASPECT":2,"LOOT_BONUS_MOBS":3,"MENDING":1,"DAMAGE_ALL":5,"DURABILITY":3},"repair-cost":31}},{"v":3700,"type":"DIAMOND_AXE","meta":{"meta-type":"UNSPECIFIC","enchants":{"DIG_SPEED":2},"Damage":306}},{"v":3700,"type":"DIAMOND_PICKAXE","meta":{"meta-type":"UNSPECIFIC","enchants":{"DIG_SPEED":5,"LOOT_BONUS_BLOCKS":3,"MENDING":1,"DURABILITY":3},"repair-cost":15}},{"v":3700,"type":"EMERALD","amount":13},{"v":3700,"type":"STRING","amount":64},{"v":3700,"type":"GLASS","amount":64},{"v":3700,"type":"BOOK","amount":2},{"v":3700,"type":"GLASS","amount":64},{"v":3700,"type":"GLASS","amount":12},{"v":3700,"type":"DIAMOND_BOOTS","meta":{"meta-type":"ARMOR","Damage":51}},{"v":3700,"type":"DIAMOND_LEGGINGS","meta":{"meta-type":"ARMOR","Damage":42}},{"v":3700,"type":"DIAMOND_CHESTPLATE","meta":{"meta-type":"ARMOR","Damage":45}},{"v":3700,"type":"DIAMOND_HELMET","meta":{"meta-type":"ARMOR","Damage":50}}]}}}"
"2024-12-18T05:55:14Z";"DESTROY_CHEST";"{"chest":{"location":{"world":"world","x":-388.0,"y":-59.0,"z":-259.0},"createdAt":1734501307942,"expireAt":1734501907942,"owner":{"name":"sang2934","op":true,"id":"8b1d0df2-2113-3d44-9c80-473ba0cfb6aa","entity-id":201,"location":{"world":"world","x":-385.5089162484631,"y":-59.0,"z":-257.5149295256563,"yaw":122.1561,"pitch":24.500841}},"isProtected":false,"inventory":{"type":"CHEST","size":27,"content":[]}},"reason":"PLAYER","extra":{"player":{"name":"sang2934","op":true,"id":"8b1d0df2-2113-3d44-9c80-473ba0cfb6aa","entity-id":201,"location":{"world":"world","x":-385.5089162484631,"y":-59.0,"z":-257.5149295256563,"yaw":122.1561,"pitch":24.500841}}}}"
"2024-12-18T06:31:48Z";"CREATE_CHEST";"{"chest":{"location":{"world":"world","x":-387.0,"y":64.0,"z":-268.0},"createdAt":1734503508445,"expireAt":1734504108445,"owner":{"name":"Nambiribiri","op":false,"id":"8e03d546-8d2c-3b19-b2a4-6cf1c8a1d8b4","entity-id":30097,"location":{"world":"world","x":-385.92932629600745,"y":64.0,"z":-267.69999998807907,"yaw":11.055298,"pitch":88.19972}},"isProtected":false,"inventory":{"type":"CHEST","size":36,"content":[{"v":3700,"type":"COBBLED_DEEPSLATE","amount":63},{"v":3700,"type":"IRON_SWORD","meta":{"meta-type":"UNSPECIFIC","Damage":40}},{"v":3700,"type":"GOLD_INGOT","amount":12},{"v":3700,"type":"GLISTERING_MELON_SLICE","amount":4},{"v":3700,"type":"IRON_AXE","meta":{"meta-type":"UNSPECIFIC","Damage":4}},{"v":3700,"type":"IRON_PICKAXE","meta":{"meta-type":"UNSPECIFIC","Damage":6}},{"v":3700,"type":"STONE_PICKAXE","meta":{"meta-type":"UNSPECIFIC","Damage":122}},{"v":3700,"type":"WATER_BUCKET"},{"v":3700,"type":"RAW_GOLD","amount":6},{"v":3700,"type":"IRON_PICKAXE","meta":{"meta-type":"UNSPECIFIC","Damage":240}},{"v":3700,"type":"COPPER_INGOT","amount":24},{"v":3700,"type":"FLINT","amount":3},{"v":3700,"type":"GLASS","amount":9},{"v":3700,"type":"RAW_IRON","amount":5},{"v":3700,"type":"COAL","amount":3},{"v":3700,"type":"SADDLE"},{"v":3700,"type":"IRON_PICKAXE"},{"v":3700,"type":"LADDER","amount":3},{"v":3700,"type":"LAPIS_LAZULI","amount":14},{"v":3700,"type":"COBBLED_DEEPSLATE","amount":44},{"v":3700,"type":"BIRCH_LOG","amount":42},{"v":3700,"type":"CHEST"},{"v":3700,"type":"BONE","amount":9},{"v":3700,"type":"BIRCH_TRAPDOOR","amount":2},{"v":3700,"type":"WHITE_BED"},{"v":3700,"type":"COOKED_PORKCHOP","amount":3},{"v":3700,"type":"MAGMA_CREAM"},{"v":3700,"type":"WOODEN_SHOVEL","meta":{"meta-type":"UNSPECIFIC","Damage":6}},{"v":3700,"type":"BIRCH_PLANKS","amount":9},{"v":3700,"type":"STICK","amount":3},{"v":3700,"type":"STRING","amount":11},{"v":3700,"type":"GLOWSTONE_DUST","amount":22},{"v":3700,"type":"IRON_INGOT","amount":43},{"v":3700,"type":"IRON_PICKAXE","meta":{"meta-type":"UNSPECIFIC","Damage":224}},{"v":3700,"type":"SHEARS","meta":{"meta-type":"UNSPECIFIC","Damage":3}},{"v":3700,"type":"TORCH","amount":7}]}}}"
"2024-12-18T06:32:47Z";"DESTROY_CHEST";"{"chest":{"location":{"world":"world","x":-387.0,"y":64.0,"z":-268.0},"createdAt":1734503508445,"expireAt":1734504108445,"owner":{"name":"Nambiribiri","op":false,"id":"8e03d546-8d2c-3b19-b2a4-6cf1c8a1d8b4","entity-id":30097,"location":{"world":"world","x":-385.5451549731799,"y":64.0,"z":-267.69999998807907,"yaw":79.45522,"pitch":42.899937}},"isProtected":false,"inventory":{"type":"CHEST","size":36,"content":[]}},"reason":"PLAYER","extra":{"player":{"name":"Nambiribiri","op":false,"id":"8e03d546-8d2c-3b19-b2a4-6cf1c8a1d8b4","entity-id":30097,"location":{"world":"world","x":-385.5451549731799,"y":64.0,"z":-267.69999998807907,"yaw":79.45522,"pitch":42.899937}}}}"
"2024-12-18T06:33:26Z";"CREATE_CHEST";"{"chest":{"location":{"world":"world","x":-390.0,"y":42.0,"z":-248.0},"createdAt":1734503606443,"expireAt":1734504206443,"owner":{"name":"sang2934","op":true,"id":"8b1d0df2-2113-3d44-9c80-473ba0cfb6aa","entity-id":201,"location":{"world":"world","x":-389.30556405718505,"y":42.0,"z":-247.30000001192093,"yaw":4.278101,"pitch":59.114388}},"isProtected":false,"inventory":{"type":"CHEST","size":45,"content":[{"v":3700,"type":"DIAMOND_PICKAXE","meta":{"meta-type":"UNSPECIFIC","enchants":{"DIG_SPEED":5,"LOOT_BONUS_BLOCKS":3,"MENDING":1,"DURABILITY":3},"repair-cost":15,"Damage":4}},{"v":3700,"type":"DIAMOND_AXE","meta":{"meta-type":"UNSPECIFIC","enchants":{"DIG_SPEED":2},"Damage":393}},{"v":3700,"type":"DIAMOND_SWORD","meta":{"meta-type":"UNSPECIFIC","enchants":{"FIRE_ASPECT":2,"LOOT_BONUS_MOBS":3,"MENDING":1,"DAMAGE_ALL":5,"DURABILITY":3},"repair-cost":31}},{"v":3700,"type":"DIAMOND_PICKAXE","meta":{"meta-type":"UNSPECIFIC","enchants":{"DIG_SPEED":5,"MENDING":1,"SILK_TOUCH":1,"DURABILITY":3},"repair-cost":15,"Damage":21}},{"v":3700,"type":"COBBLED_DEEPSLATE","amount":58},{"v":3700,"type":"WATER_BUCKET"},{"v":3700,"type":"SOUL_SAND","amount":6},{"v":3700,"type":"IRON_ORE"},{"v":3700,"type":"BREAD","amount":35},{"v":3700,"type":"EMERALD_BLOCK","amount":64},{"v":3700,"type":"COAL_ORE","amount":3},{"v":3700,"type":"MAGMA_BLOCK"},{"v":3700,"type":"PLAYER_HEAD","meta":{"meta-type":"SKULL","display-name":"{\"text\":\"\",\"extra\":[{\"text\":\"Villager\",\"obfuscated\":false,\"italic\":false,\"underlined\":false,\"strikethrough\":false,\"color\":\"yellow\",\"bold\":false}]}","lore":["{\"text\":\"\",\"extra\":[{\"text\":\"Right click to place the villager back.\",\"obfuscated\":false,\"italic\":false,\"underlined\":false,\"strikethrough\":false,\"color\":\"dark_gray\",\"bold\":false}]}"],"PublicBukkitValues":"{\n    \"clickvillagers:villager_owner\": \"\",\n    \"clickvillagers:villager_tradable\": 1b,\n    \"clickvillagers:villager_uuid\": \"b8c3edef-7fe7-4fd8-a534-7d6df07ee7b3\"\n}","skull-owner":{}}},{"v":3700,"type":"ARROW","amount":26},{"v":3700,"type":"BONE","amount":24},{"v":3700,"type":"SLIME_BALL","amount":32},{"v":3700,"type":"ROTTEN_FLESH","amount":10},{"v":3700,"type":"KELP","amount":64},{"v":3700,"type":"EMERALD","amount":13},{"v":3700,"type":"SPIDER_EYE","amount":4},{"v":3700,"type":"STRING","amount":64},{"v":3700,"type":"SUGAR_CANE","amount":7},{"v":3700,"type":"BUCKET"},{"v":3700,"type":"STRING","amount":64},{"v":3700,"type":"STRING","amount":64},{"v":3700,"type":"STRING","amount":64},{"v":3700,"type":"FLINT_AND_STEEL","meta":{"meta-type":"UNSPECIFIC","Damage":17}},{"v":3700,"type":"STICK","amount":41},{"v":3700,"type":"BIRCH_PLANKS","amount":59},{"v":3700,"type":"COOKED_MUTTON","amount":18},{"v":3700,"type":"KELP","amount":43},{"v":3700,"type":"GLASS","amount":58},{"v":3700,"type":"CRAFTING_TABLE","amount":2},{"v":3700,"type":"KELP","amount":64},{"v":3700,"type":"LEATHER","amount":2},{"v":3700,"type":"GUNPOWDER","amount":3},{"v":3700,"type":"DIAMOND_BOOTS","meta":{"meta-type":"ARMOR","Damage":142}},{"v":3700,"type":"DIAMOND_LEGGINGS","meta":{"meta-type":"ARMOR","Damage":133}},{"v":3700,"type":"DIAMOND_CHESTPLATE","meta":{"meta-type":"ARMOR","Damage":136}},{"v":3700,"type":"DIAMOND_HELMET","meta":{"meta-type":"ARMOR","Damage":141}}]}}}"
"2024-12-18T06:34:06Z";"DESTROY_CHEST";"{"chest":{"location":{"world":"world","x":-390.0,"y":42.0,"z":-248.0},"createdAt":1734503606443,"expireAt":1734504206443,"owner":{"name":"sang2934","op":true,"id":"8b1d0df2-2113-3d44-9c80-473ba0cfb6aa","entity-id":201,"location":{"world":"world","x":-389.3163149333496,"y":42.0,"z":-246.30000001192093,"yaw":176.71034,"pitch":45.424515}},"isProtected":false,"inventory":{"type":"CHEST","size":45,"content":[]}},"reason":"BREAK","extra":{"player":{"name":"sang2934","op":true,"id":"8b1d0df2-2113-3d44-9c80-473ba0cfb6aa","entity-id":201,"location":{"world":"world","x":-389.3163149333496,"y":42.0,"z":-246.30000001192093,"yaw":176.54338,"pitch":45.507988}}}}"
"2024-12-18T06:35:01Z";"CREATE_CHEST";"{"chest":{"location":{"world":"world","x":-390.0,"y":23.0,"z":-248.0},"createdAt":1734503701237,"expireAt":1734504301237,"owner":{"name":"sang2934","op":true,"id":"8b1d0df2-2113-3d44-9c80-473ba0cfb6aa","entity-id":201,"location":{"world":"world","x":-389.4020865868906,"y":23.0,"z":-247.30000001192093,"yaw":9.9861765,"pitch":80.233406}},"isProtected":false,"inventory":{"type":"CHEST","size":45,"content":[{"v":3700,"type":"DIAMOND_PICKAXE","meta":{"meta-type":"UNSPECIFIC","enchants":{"DIG_SPEED":5,"MENDING":1,"SILK_TOUCH":1,"DURABILITY":3},"repair-cost":15,"Damage":23}},{"v":3700,"type":"DIAMOND_AXE","meta":{"meta-type":"UNSPECIFIC","enchants":{"DIG_SPEED":2},"Damage":412}},{"v":3700,"type":"LADDER","amount":18},{"v":3700,"type":"CRAFTING_TABLE","amount":2},{"v":3700,"type":"BUCKET"},{"v":3700,"type":"GLASS","amount":58},{"v":3700,"type":"KELP","amount":64},{"v":3700,"type":"LEATHER","amount":2},{"v":3700,"type":"GUNPOWDER","amount":3},{"v":3700,"type":"DIAMOND_PICKAXE","meta":{"meta-type":"UNSPECIFIC","enchants":{"DIG_SPEED":5,"LOOT_BONUS_BLOCKS":3,"MENDING":1,"DURABILITY":3},"repair-cost":15,"Damage":4}},{"v":3700,"type":"STICK","amount":41},{"v":3700,"type":"DIAMOND_SWORD","meta":{"meta-type":"UNSPECIFIC","enchants":{"FIRE_ASPECT":2,"LOOT_BONUS_MOBS":3,"MENDING":1,"DAMAGE_ALL":5,"DURABILITY":3},"repair-cost":31}},{"v":3700,"type":"STONE","amount":5},{"v":3700,"type":"COBBLED_DEEPSLATE","amount":58},{"v":3700,"type":"WATER_BUCKET"},{"v":3700,"type":"SOUL_SAND","amount":6},{"v":3700,"type":"IRON_ORE"},{"v":3700,"type":"BREAD","amount":35},{"v":3700,"type":"EMERALD_BLOCK","amount":64},{"v":3700,"type":"COAL_ORE","amount":3},{"v":3700,"type":"MAGMA_BLOCK"},{"v":3700,"type":"PLAYER_HEAD","meta":{"meta-type":"SKULL","display-name":"{\"text\":\"\",\"extra\":[{\"text\":\"Villager\",\"obfuscated\":false,\"italic\":false,\"underlined\":false,\"strikethrough\":false,\"color\":\"yellow\",\"bold\":false}]}","lore":["{\"text\":\"\",\"extra\":[{\"text\":\"Right click to place the villager back.\",\"obfuscated\":false,\"italic\":false,\"underlined\":false,\"strikethrough\":false,\"color\":\"dark_gray\",\"bold\":false}]}"],"PublicBukkitValues":"{\n    \"clickvillagers:villager_owner\": \"\",\n    \"clickvillagers:villager_tradable\": 1b,\n    \"clickvillagers:villager_uuid\": \"b8c3edef-7fe7-4fd8-a534-7d6df07ee7b3\"\n}","skull-owner":{}}},{"v":3700,"type":"ARROW","amount":26},{"v":3700,"type":"BONE","amount":24},{"v":3700,"type":"SLIME_BALL","amount":32},{"v":3700,"type":"ROTTEN_FLESH","amount":10},{"v":3700,"type":"KELP","amount":64},{"v":3700,"type":"EMERALD","amount":13},{"v":3700,"type":"SPIDER_EYE","amount":4},{"v":3700,"type":"COOKED_MUTTON","amount":18},{"v":3700,"type":"SUGAR_CANE","amount":7},{"v":3700,"type":"KELP","amount":43},{"v":3700,"type":"STRING","amount":64},{"v":3700,"type":"STRING","amount":64},{"v":3700,"type":"STRING","amount":64},{"v":3700,"type":"FLINT_AND_STEEL","meta":{"meta-type":"UNSPECIFIC","Damage":17}},{"v":3700,"type":"DIAMOND_BOOTS","meta":{"meta-type":"ARMOR","Damage":142}},{"v":3700,"type":"DIAMOND_LEGGINGS","meta":{"meta-type":"ARMOR","Damage":133}},{"v":3700,"type":"DIAMOND_CHESTPLATE","meta":{"meta-type":"ARMOR","Damage":136}},{"v":3700,"type":"DIAMOND_HELMET","meta":{"meta-type":"ARMOR","Damage":141}},{"v":3700,"type":"BIRCH_PLANKS","amount":55}]}}}"
"2024-12-18T06:35:38Z";"CREATE_CHEST";"{"chest":{"location":{"world":"world","x":-390.0,"y":19.0,"z":-249.0},"createdAt":1734503738142,"expireAt":1734504338142,"owner":{"name":"sang2934","op":true,"id":"8b1d0df2-2113-3d44-9c80-473ba0cfb6aa","entity-id":201,"location":{"world":"world","x":-389.69999998807907,"y":18.564683348773652,"z":-248.62193364503653,"yaw":70.33843,"pitch":28.896572}},"isProtected":false,"inventory":{"type":"CHEST","size":45,"content":[{"v":3700,"type":"DIAMOND_PICKAXE","meta":{"meta-type":"UNSPECIFIC","enchants":{"DIG_SPEED":5,"MENDING":1,"SILK_TOUCH":1,"DURABILITY":3},"repair-cost":15,"Damage":23}},{"v":3700,"type":"SPIDER_EYE","amount":4},{"v":3700,"type":"COOKED_MUTTON","amount":18},{"v":3700,"type":"SUGAR_CANE","amount":7},{"v":3700,"type":"KELP","amount":43},{"v":3700,"type":"STRING","amount":64},{"v":3700,"type":"STRING","amount":64},{"v":3700,"type":"STRING","amount":64},{"v":3700,"type":"FLINT_AND_STEEL","meta":{"meta-type":"UNSPECIFIC","Damage":17}},{"v":3700,"type":"EMERALD","amount":13},{"v":3700,"type":"DIAMOND_AXE","meta":{"meta-type":"UNSPECIFIC","enchants":{"DIG_SPEED":2},"Damage":412}},{"v":3700,"type":"LADDER","amount":18},{"v":3700,"type":"CRAFTING_TABLE","amount":2},{"v":3700,"type":"BUCKET"},{"v":3700,"type":"GLASS","amount":58},{"v":3700,"type":"KELP","amount":64},{"v":3700,"type":"LEATHER","amount":2},{"v":3700,"type":"GUNPOWDER","amount":3},{"v":3700,"type":"DIAMOND_PICKAXE","meta":{"meta-type":"UNSPECIFIC","enchants":{"DIG_SPEED":5,"LOOT_BONUS_BLOCKS":3,"MENDING":1,"DURABILITY":3},"repair-cost":15,"Damage":4}},{"v":3700,"type":"STICK","amount":41},{"v":3700,"type":"DIAMOND_SWORD","meta":{"meta-type":"UNSPECIFIC","enchants":{"FIRE_ASPECT":2,"LOOT_BONUS_MOBS":3,"MENDING":1,"DAMAGE_ALL":5,"DURABILITY":3},"repair-cost":31}},{"v":3700,"type":"STONE","amount":5},{"v":3700,"type":"COBBLED_DEEPSLATE","amount":58},{"v":3700,"type":"WATER_BUCKET"},{"v":3700,"type":"SOUL_SAND","amount":6},{"v":3700,"type":"IRON_ORE"},{"v":3700,"type":"BREAD","amount":35},{"v":3700,"type":"EMERALD_BLOCK","amount":64},{"v":3700,"type":"COAL_ORE","amount":3},{"v":3700,"type":"MAGMA_BLOCK"},{"v":3700,"type":"PLAYER_HEAD","meta":{"meta-type":"SKULL","display-name":"{\"text\":\"\",\"extra\":[{\"text\":\"Villager\",\"obfuscated\":false,\"italic\":false,\"underlined\":false,\"strikethrough\":false,\"color\":\"yellow\",\"bold\":false}]}","lore":["{\"text\":\"\",\"extra\":[{\"text\":\"Right click to place the villager back.\",\"obfuscated\":false,\"italic\":false,\"underlined\":false,\"strikethrough\":false,\"color\":\"dark_gray\",\"bold\":false}]}"],"PublicBukkitValues":"{\n    \"clickvillagers:villager_owner\": \"\",\n    \"clickvillagers:villager_tradable\": 1b,\n    \"clickvillagers:villager_uuid\": \"b8c3edef-7fe7-4fd8-a534-7d6df07ee7b3\"\n}","skull-owner":{}}},{"v":3700,"type":"ARROW","amount":26},{"v":3700,"type":"BONE","amount":24},{"v":3700,"type":"SLIME_BALL","amount":32},{"v":3700,"type":"ROTTEN_FLESH","amount":10},{"v":3700,"type":"KELP","amount":64},{"v":3700,"type":"DIAMOND_BOOTS","meta":{"meta-type":"ARMOR","Damage":142}},{"v":3700,"type":"DIAMOND_LEGGINGS","meta":{"meta-type":"ARMOR","Damage":133}},{"v":3700,"type":"DIAMOND_CHESTPLATE","meta":{"meta-type":"ARMOR","Damage":136}},{"v":3700,"type":"DIAMOND_HELMET","meta":{"meta-type":"ARMOR","Damage":141}}]}}}"
"2024-12-18T06:39:17Z";"CREATE_CHEST";"{"chest":{"location":{"world":"world","x":-390.0,"y":-57.0,"z":-248.0},"createdAt":1734503957943,"expireAt":1734504557943,"owner":{"name":"sang2934","op":true,"id":"8b1d0df2-2113-3d44-9c80-473ba0cfb6aa","entity-id":201,"location":{"world":"world","x":-389.69951796988295,"y":-57.0,"z":-247.30000001192093,"yaw":-4.7054176,"pitch":79.8998}},"isProtected":false,"inventory":{"type":"CHEST","size":36,"content":[{"v":3700,"type":"LADDER","amount":64},{"v":3700,"type":"DIAMOND_AXE","meta":{"meta-type":"UNSPECIFIC","enchants":{"DIG_SPEED":2},"Damage":490}},{"v":3700,"type":"DIAMOND_PICKAXE","meta":{"meta-type":"UNSPECIFIC","enchants":{"DIG_SPEED":5,"MENDING":1,"SILK_TOUCH":1,"DURABILITY":3},"repair-cost":15,"Damage":25}},{"v":3700,"type":"MAGMA_BLOCK"},{"v":3700,"type":"PLAYER_HEAD","meta":{"meta-type":"SKULL","display-name":"{\"text\":\"\",\"extra\":[{\"text\":\"Villager\",\"obfuscated\":false,\"italic\":false,\"underlined\":false,\"strikethrough\":false,\"color\":\"yellow\",\"bold\":false}]}","lore":["{\"text\":\"\",\"extra\":[{\"text\":\"Right click to place the villager back.\",\"obfuscated\":false,\"italic\":false,\"underlined\":false,\"strikethrough\":false,\"color\":\"dark_gray\",\"bold\":false}]}"],"PublicBukkitValues":"{\n    \"clickvillagers:villager_owner\": \"\",\n    \"clickvillagers:villager_tradable\": 1b,\n    \"clickvillagers:villager_uuid\": \"b8c3edef-7fe7-4fd8-a534-7d6df07ee7b3\"\n}","skull-owner":{}}},{"v":3700,"type":"DIAMOND_PICKAXE","meta":{"meta-type":"UNSPECIFIC","enchants":{"DIG_SPEED":5,"LOOT_BONUS_BLOCKS":3,"MENDING":1,"DURABILITY":3},"repair-cost":15,"Damage":4}},{"v":3700,"type":"DEEPSLATE"},{"v":3700,"type":"BREAD","amount":34},{"v":3700,"type":"COBBLED_DEEPSLATE","amount":57},{"v":3700,"type":"SPIDER_EYE","amount":4},{"v":3700,"type":"COOKED_MUTTON","amount":18},{"v":3700,"type":"SUGAR_CANE","amount":7},{"v":3700,"type":"KELP","amount":64},{"v":3700,"type":"STRING","amount":64},{"v":3700,"type":"STRING","amount":64},{"v":3700,"type":"STRING","amount":64},{"v":3700,"type":"FLINT_AND_STEEL","meta":{"meta-type":"UNSPECIFIC","Damage":17}},{"v":3700,"type":"EMERALD","amount":13},{"v":3700,"type":"LADDER","amount":34},{"v":3700,"type":"CRAFTING_TABLE","amount":2},{"v":3700,"type":"BUCKET"},{"v":3700,"type":"GLASS","amount":58},{"v":3700,"type":"KELP","amount":64},{"v":3700,"type":"LEATHER","amount":2},{"v":3700,"type":"GUNPOWDER","amount":3},{"v":3700,"type":"STICK","amount":41},{"v":3700,"type":"DIAMOND_SWORD","meta":{"meta-type":"UNSPECIFIC","enchants":{"FIRE_ASPECT":2,"LOOT_BONUS_MOBS":3,"MENDING":1,"DAMAGE_ALL":5,"DURABILITY":3},"repair-cost":31}},{"v":3700,"type":"STONE","amount":5},{"v":3700,"type":"WATER_BUCKET"},{"v":3700,"type":"SOUL_SAND","amount":6},{"v":3700,"type":"IRON_ORE"},{"v":3700,"type":"DIAMOND_BOOTS","meta":{"meta-type":"ARMOR","Damage":142}},{"v":3700,"type":"DIAMOND_LEGGINGS","meta":{"meta-type":"ARMOR","Damage":133}},{"v":3700,"type":"DIAMOND_CHESTPLATE","meta":{"meta-type":"ARMOR","Damage":136}},{"v":3700,"type":"DIAMOND_HELMET","meta":{"meta-type":"ARMOR","Damage":141}}]}}}"
"2024-12-18T06:39:29Z";"DESTROY_CHEST";"{"chest":{"location":{"world":"world","x":-390.0,"y":-57.0,"z":-248.0},"createdAt":1734503957943,"expireAt":1734504557943,"owner":{"name":"sang2934","op":true,"id":"8b1d0df2-2113-3d44-9c80-473ba0cfb6aa","entity-id":201,"location":{"world":"world","x":-389.5360189064656,"y":-59.0,"z":-247.70860733226854,"yaw":35.008503,"pitch":-45.450954}},"isProtected":false,"inventory":{"type":"CHEST","size":36,"content":[]}},"reason":"PLAYER","extra":{"player":{"name":"sang2934","op":true,"id":"8b1d0df2-2113-3d44-9c80-473ba0cfb6aa","entity-id":201,"location":{"world":"world","x":-389.5360189064656,"y":-59.0,"z":-247.70860733226854,"yaw":35.008503,"pitch":-45.450954}}}}"
"2024-12-18T06:40:20Z";"CREATE_CHEST";"{"chest":{"location":{"world":"world","x":-390.0,"y":20.0,"z":-249.0},"createdAt":1734504020089,"expireAt":1734504620089,"owner":{"name":"sang2934","op":true,"id":"8b1d0df2-2113-3d44-9c80-473ba0cfb6aa","entity-id":201,"location":{"world":"world","x":-389.63220636820336,"y":19.875,"z":-248.69999998807907,"yaw":-16.411871,"pitch":82.876015}},"isProtected":false,"inventory":{"type":"CHEST","size":36,"content":[{"v":3700,"type":"DIAMOND_AXE","meta":{"meta-type":"UNSPECIFIC","enchants":{"DIG_SPEED":2},"Damage":492}},{"v":3700,"type":"WATER_BUCKET"},{"v":3700,"type":"STONE","amount":5},{"v":3700,"type":"SOUL_SAND","amount":6},{"v":3700,"type":"KELP","amount":62},{"v":3700,"type":"DIAMOND_BOOTS","meta":{"meta-type":"ARMOR","Damage":142}},{"v":3700,"type":"DIAMOND_LEGGINGS","meta":{"meta-type":"ARMOR","Damage":133}},{"v":3700,"type":"DIAMOND_CHESTPLATE","meta":{"meta-type":"ARMOR","Damage":136}},{"v":3700,"type":"DIAMOND_HELMET","meta":{"meta-type":"ARMOR","Damage":141}},{"v":3700,"type":"LADDER","amount":64},{"v":3700,"type":"DIAMOND_PICKAXE","meta":{"meta-type":"UNSPECIFIC","enchants":{"DIG_SPEED":5,"MENDING":1,"SILK_TOUCH":1,"DURABILITY":3},"repair-cost":15,"Damage":25}},{"v":3700,"type":"MAGMA_BLOCK"},{"v":3700,"type":"PLAYER_HEAD","meta":{"meta-type":"SKULL","display-name":"{\"text\":\"\",\"extra\":[{\"text\":\"Villager\",\"obfuscated\":false,\"italic\":false,\"underlined\":false,\"strikethrough\":false,\"color\":\"yellow\",\"bold\":false}]}","lore":["{\"text\":\"\",\"extra\":[{\"text\":\"Right click to place the villager back.\",\"obfuscated\":false,\"italic\":false,\"underlined\":false,\"strikethrough\":false,\"color\":\"dark_gray\",\"bold\":false}]}"],"PublicBukkitValues":"{\n    \"clickvillagers:villager_owner\": \"\",\n    \"clickvillagers:villager_tradable\": 1b,\n    \"clickvillagers:villager_uuid\": \"b8c3edef-7fe7-4fd8-a534-7d6df07ee7b3\"\n}","skull-owner":{}}},{"v":3700,"type":"DIAMOND_PICKAXE","meta":{"meta-type":"UNSPECIFIC","enchants":{"DIG_SPEED":5,"LOOT_BONUS_BLOCKS":3,"MENDING":1,"DURABILITY":3},"repair-cost":15,"Damage":4}},{"v":3700,"type":"DEEPSLATE"},{"v":3700,"type":"BREAD","amount":34},{"v":3700,"type":"COBBLED_DEEPSLATE","amount":57},{"v":3700,"type":"SPIDER_EYE","amount":4},{"v":3700,"type":"COOKED_MUTTON","amount":18},{"v":3700,"type":"SUGAR_CANE","amount":7},{"v":3700,"type":"KELP","amount":64},{"v":3700,"type":"STRING","amount":64},{"v":3700,"type":"STRING","amount":64},{"v":3700,"type":"STRING","amount":64},{"v":3700,"type":"FLINT_AND_STEEL","meta":{"meta-type":"UNSPECIFIC","Damage":17}},{"v":3700,"type":"EMERALD","amount":13},{"v":3700,"type":"LADDER","amount":36},{"v":3700,"type":"CRAFTING_TABLE","amount":2},{"v":3700,"type":"BUCKET"},{"v":3700,"type":"GLASS","amount":58},{"v":3700,"type":"IRON_ORE"},{"v":3700,"type":"LEATHER","amount":2},{"v":3700,"type":"GUNPOWDER","amount":3},{"v":3700,"type":"STICK","amount":41},{"v":3700,"type":"DIAMOND_SWORD","meta":{"meta-type":"UNSPECIFIC","enchants":{"FIRE_ASPECT":2,"LOOT_BONUS_MOBS":3,"MENDING":1,"DAMAGE_ALL":5,"DURABILITY":3},"repair-cost":31}}]}}}"
"2024-12-18T06:40:55Z";"DESTROY_CHEST";"{"chest":{"location":{"world":"world","x":-390.0,"y":19.0,"z":-249.0},"createdAt":1734503738142,"expireAt":1734504338142,"owner":{"name":"sang2934","op":true,"id":"8b1d0df2-2113-3d44-9c80-473ba0cfb6aa","entity-id":201,"location":{"world":"world","x":-382.8197510098195,"y":-59.0,"z":-256.0435254887608,"yaw":30.0,"pitch":24.0}},"isProtected":false,"inventory":{"type":"CHEST","size":45,"content":[]}},"reason":"BREAK","extra":{"player":{"name":"sang2934","op":true,"id":"8b1d0df2-2113-3d44-9c80-473ba0cfb6aa","entity-id":201,"location":{"world":"world","x":-382.8197510098195,"y":-59.0,"z":-256.0435254887608,"yaw":30.0,"pitch":24.0}}}}"
"2024-12-18T06:41:31Z";"CREATE_CHEST";"{"chest":{"location":{"world":"world","x":-390.0,"y":-17.0,"z":-249.0},"createdAt":1734504091089,"expireAt":1734504691089,"owner":{"name":"sang2934","op":true,"id":"8b1d0df2-2113-3d44-9c80-473ba0cfb6aa","entity-id":201,"location":{"world":"world","x":-389.69999998807907,"y":-17.8183945617201,"z":-248.69999998807907,"yaw":79.25019,"pitch":83.12653}},"isProtected":false,"inventory":{"type":"CHEST","size":27,"content":[{"v":3700,"type":"COOKED_MUTTON","amount":17},{"v":3700,"type":"BUCKET"},{"v":3700,"type":"GLASS","amount":58},{"v":3700,"type":"DIAMOND_AXE","meta":{"meta-type":"UNSPECIFIC","enchants":{"DIG_SPEED":2},"Damage":492}},{"v":3700,"type":"LEATHER","amount":2},{"v":3700,"type":"GUNPOWDER","amount":3},{"v":3700,"type":"STICK","amount":41},{"v":3700,"type":"DIAMOND_SWORD","meta":{"meta-type":"UNSPECIFIC","enchants":{"FIRE_ASPECT":2,"LOOT_BONUS_MOBS":3,"MENDING":1,"DAMAGE_ALL":5,"DURABILITY":3},"repair-cost":31}},{"v":3700,"type":"EMERALD","amount":13},{"v":3700,"type":"IRON_ORE"},{"v":3700,"type":"WATER_BUCKET"},{"v":3700,"type":"DIAMOND_PICKAXE","meta":{"meta-type":"UNSPECIFIC","enchants":{"DIG_SPEED":5,"MENDING":1,"SILK_TOUCH":1,"DURABILITY":3},"repair-cost":15,"Damage":25}},{"v":3700,"type":"DIAMOND_CHESTPLATE","meta":{"meta-type":"ARMOR","Damage":136}},{"v":3700,"type":"COBBLED_DEEPSLATE","amount":57},{"v":3700,"type":"BREAD","amount":34},{"v":3700,"type":"DEEPSLATE"},{"v":3700,"type":"DIAMOND_PICKAXE","meta":{"meta-type":"UNSPECIFIC","enchants":{"DIG_SPEED":5,"LOOT_BONUS_BLOCKS":3,"MENDING":1,"DURABILITY":3},"repair-cost":15,"Damage":4}},{"v":3700,"type":"PLAYER_HEAD","meta":{"meta-type":"SKULL","display-name":"{\"text\":\"\",\"extra\":[{\"text\":\"Villager\",\"obfuscated\":false,\"italic\":false,\"underlined\":false,\"strikethrough\":false,\"color\":\"yellow\",\"bold\":false}]}","lore":["{\"text\":\"\",\"extra\":[{\"text\":\"Right click to place the villager back.\",\"obfuscated\":false,\"italic\":false,\"underlined\":false,\"strikethrough\":false,\"color\":\"dark_gray\",\"bold\":false}]}"],"PublicBukkitValues":"{\n    \"clickvillagers:villager_owner\": \"\",\n    \"clickvillagers:villager_tradable\": 1b,\n    \"clickvillagers:villager_uuid\": \"b8c3edef-7fe7-4fd8-a534-7d6df07ee7b3\"\n}","skull-owner":{}}},{"v":3700,"type":"MAGMA_BLOCK"},{"v":3700,"type":"KELP","amount":64},{"v":3700,"type":"CRAFTING_TABLE","amount":2},{"v":3700,"type":"SUGAR_CANE","amount":7},{"v":3700,"type":"DIAMOND_BOOTS","meta":{"meta-type":"ARMOR","Damage":142}},{"v":3700,"type":"DIAMOND_LEGGINGS","meta":{"meta-type":"ARMOR","Damage":133}},{"v":3700,"type":"DIAMOND_HELMET","meta":{"meta-type":"ARMOR","Damage":141}}]}}}"
"2024-12-18T06:41:48Z";"DESTROY_CHEST";"{"chest":{"location":{"world":"world","x":-390.0,"y":-17.0,"z":-249.0},"createdAt":1734504091089,"expireAt":1734504691089,"owner":{"name":"sang2934","op":true,"id":"8b1d0df2-2113-3d44-9c80-473ba0cfb6aa","entity-id":201,"location":{"world":"world","x":-389.69740059308396,"y":-22.228904979114738,"z":-247.9617564963576,"yaw":-176.48996,"pitch":56.998924}},"isProtected":false,"inventory":{"type":"CHEST","size":27,"content":[]}},"reason":"PLAYER","extra":{"player":{"name":"sang2934","op":true,"id":"8b1d0df2-2113-3d44-9c80-473ba0cfb6aa","entity-id":201,"location":{"world":"world","x":-389.69740059308396,"y":-22.228904979114738,"z":-247.9617564963576,"yaw":-176.48996,"pitch":56.998924}}}}"
"2024-12-18T06:42:45Z";"DESTROY_CHEST";"{"chest":{"location":{"world":"world","x":-390.0,"y":20.0,"z":-249.0},"createdAt":1734504020089,"expireAt":1734504620089,"owner":{"name":"sang2934","op":true,"id":"8b1d0df2-2113-3d44-9c80-473ba0cfb6aa","entity-id":201,"location":{"world":"world","x":-389.47381027623686,"y":21.0,"z":-249.69999998807907,"yaw":0.5334239,"pitch":54.35631}},"isProtected":false,"inventory":{"type":"CHEST","size":36,"content":[{"v":3700,"type":"STONE","amount":5},{"v":3700,"type":"SOUL_SAND","amount":6},{"v":3700,"type":"KELP","amount":62},{"v":3700,"type":"LADDER","amount":64},{"v":3700,"type":"SPIDER_EYE","amount":4},{"v":3700,"type":"STRING","amount":64},{"v":3700,"type":"STRING","amount":64},{"v":3700,"type":"STRING","amount":64},{"v":3700,"type":"FLINT_AND_STEEL","meta":{"meta-type":"UNSPECIFIC","Damage":17}},{"v":3700,"type":"LADDER","amount":36}]}},"reason":"BREAK","extra":{"player":{"name":"sang2934","op":true,"id":"8b1d0df2-2113-3d44-9c80-473ba0cfb6aa","entity-id":201,"location":{"world":"world","x":-389.47381027623686,"y":21.0,"z":-249.69999998807907,"yaw":0.5334239,"pitch":54.35631}}}}"
"2024-12-18T06:43:01Z";"DESTROY_CHEST";"{"chest":{"location":{"world":"world","x":-390.0,"y":23.0,"z":-248.0},"createdAt":1734503701237,"expireAt":1734504301237,"owner":{"name":"sang2934","op":true,"id":"8b1d0df2-2113-3d44-9c80-473ba0cfb6aa","entity-id":201,"location":{"world":"world","x":-389.69999998807907,"y":21.0,"z":-249.69999998807907,"yaw":-4.3081193,"pitch":-19.518774}},"isProtected":false,"inventory":{"type":"CHEST","size":45,"content":[]}},"reason":"BREAK","extra":{"player":{"name":"sang2934","op":true,"id":"8b1d0df2-2113-3d44-9c80-473ba0cfb6aa","entity-id":201,"location":{"world":"world","x":-389.69999998807907,"y":21.0,"z":-249.69999998807907,"yaw":-4.3081193,"pitch":-19.518774}}}}"
"2024-12-18T06:43:13Z";"CREATE_CHEST";"{"chest":{"location":{"world":"world","x":-390.0,"y":21.0,"z":-250.0},"createdAt":1734504193140,"expireAt":1734504793140,"owner":{"name":"sang2934","op":true,"id":"8b1d0df2-2113-3d44-9c80-473ba0cfb6aa","entity-id":201,"location":{"world":"world","x":-389.30000001192093,"y":21.0,"z":-249.35210659932267,"yaw":172.90866,"pitch":15.373632}},"isProtected":false,"inventory":{"type":"CHEST","size":36,"content":[{"v":3700,"type":"DIAMOND_PICKAXE","meta":{"meta-type":"UNSPECIFIC","enchants":{"DIG_SPEED":5,"MENDING":1,"SILK_TOUCH":1,"DURABILITY":3},"repair-cost":15,"Damage":25}},{"v":3700,"type":"DIAMOND_AXE","meta":{"meta-type":"UNSPECIFIC","enchants":{"DIG_SPEED":2},"Damage":492}},{"v":3700,"type":"DIRT"},{"v":3700,"type":"STONE","amount":5},{"v":3700,"type":"LADDER","amount":64},{"v":3700,"type":"SPIDER_EYE","amount":4},{"v":3700,"type":"STRING","amount":64},{"v":3700,"type":"STRING","amount":64},{"v":3700,"type":"STRING","amount":64},{"v":3700,"type":"COOKED_MUTTON","amount":17},{"v":3700,"type":"BUCKET"},{"v":3700,"type":"GLASS","amount":58},{"v":3700,"type":"LADDER","amount":36},{"v":3700,"type":"LEATHER","amount":2},{"v":3700,"type":"GUNPOWDER","amount":3},{"v":3700,"type":"STICK","amount":41},{"v":3700,"type":"DIAMOND_SWORD","meta":{"meta-type":"UNSPECIFIC","enchants":{"FIRE_ASPECT":2,"LOOT_BONUS_MOBS":3,"MENDING":1,"DAMAGE_ALL":5,"DURABILITY":3},"repair-cost":31}},{"v":3700,"type":"EMERALD","amount":13},{"v":3700,"type":"IRON_ORE"},{"v":3700,"type":"WATER_BUCKET"},{"v":3700,"type":"DIAMOND_CHESTPLATE","meta":{"meta-type":"ARMOR","Damage":136}},{"v":3700,"type":"COBBLED_DEEPSLATE","amount":57},{"v":3700,"type":"BREAD","amount":34},{"v":3700,"type":"DEEPSLATE"},{"v":3700,"type":"DIAMOND_PICKAXE","meta":{"meta-type":"UNSPECIFIC","enchants":{"DIG_SPEED":5,"LOOT_BONUS_BLOCKS":3,"MENDING":1,"DURABILITY":3},"repair-cost":15,"Damage":4}},{"v":3700,"type":"PLAYER_HEAD","meta":{"meta-type":"SKULL","display-name":"{\"text\":\"\",\"extra\":[{\"text\":\"Villager\",\"obfuscated\":false,\"italic\":false,\"underlined\":false,\"strikethrough\":false,\"color\":\"yellow\",\"bold\":false}]}","lore":["{\"text\":\"\",\"extra\":[{\"text\":\"Right click to place the villager back.\",\"obfuscated\":false,\"italic\":false,\"underlined\":false,\"strikethrough\":false,\"color\":\"dark_gray\",\"bold\":false}]}"],"PublicBukkitValues":"{\n    \"clickvillagers:villager_owner\": \"\",\n    \"clickvillagers:villager_tradable\": 1b,\n    \"clickvillagers:villager_uuid\": \"b8c3edef-7fe7-4fd8-a534-7d6df07ee7b3\"\n}","skull-owner":{}}},{"v":3700,"type":"MAGMA_BLOCK"},{"v":3700,"type":"KELP","amount":64},{"v":3700,"type":"CRAFTING_TABLE","amount":2},{"v":3700,"type":"SUGAR_CANE","amount":7},{"v":3700,"type":"DIAMOND_BOOTS","meta":{"meta-type":"ARMOR","Damage":142}},{"v":3700,"type":"DIAMOND_LEGGINGS","meta":{"meta-type":"ARMOR","Damage":133}},{"v":3700,"type":"DIAMOND_HELMET","meta":{"meta-type":"ARMOR","Damage":141}}]}}}"
"2024-12-18T06:43:32Z";"DESTROY_CHEST";"{"chest":{"location":{"world":"world","x":-390.0,"y":21.0,"z":-250.0},"createdAt":1734504193140,"expireAt":1734504793140,"owner":{"name":"sang2934","op":true,"id":"8b1d0df2-2113-3d44-9c80-473ba0cfb6aa","entity-id":201,"location":{"world":"world","x":-389.49542324838404,"y":18.850924479732825,"z":-248.69999998807907,"yaw":-168.05899,"pitch":24.973217}},"isProtected":false,"inventory":{"type":"CHEST","size":36,"content":[]}},"reason":"PLAYER","extra":{"player":{"name":"sang2934","op":true,"id":"8b1d0df2-2113-3d44-9c80-473ba0cfb6aa","entity-id":201,"location":{"world":"world","x":-389.49542324838404,"y":18.850924479732825,"z":-248.69999998807907,"yaw":-168.05899,"pitch":24.973217}}}}"
"2024-12-18T06:45:39Z";"CREATE_CHEST";"{"chest":{"location":{"world":"world","x":-397.0,"y":63.0,"z":-238.0},"createdAt":1734504339687,"expireAt":1734504939687,"owner":{"name":"Minhthichcu","op":false,"id":"a6ea4077-658a-3ba1-9d15-a11facd5a1a5","entity-id":51803,"location":{"world":"world","x":-397.2317429421897,"y":63.0,"z":-237.09053033861088,"yaw":98.70005,"pitch":19.600014}},"isProtected":false,"inventory":{"type":"CHEST","size":27,"content":[{"v":3700,"type":"FLINT_AND_STEEL","meta":{"meta-type":"UNSPECIFIC","Damage":17}},{"v":3700,"type":"EMERALD","amount":64},{"v":3700,"type":"EMERALD","amount":64},{"v":3700,"type":"EMERALD","amount":64},{"v":3700,"type":"EMERALD","amount":64},{"v":3700,"type":"EMERALD","amount":64},{"v":3700,"type":"EMERALD","amount":64},{"v":3700,"type":"EMERALD","amount":27},{"v":3700,"type":"STRING","amount":2},{"v":3700,"type":"DIAMOND_BOOTS","meta":{"meta-type":"ARMOR","enchants":{"PROTECTION_ENVIRONMENTAL":2},"Damage":43}},{"v":3700,"type":"DIAMOND_LEGGINGS","meta":{"meta-type":"ARMOR","enchants":{"PROTECTION_PROJECTILE":3,"DURABILITY":2},"Damage":34}},{"v":3700,"type":"DIAMOND_CHESTPLATE","meta":{"meta-type":"ARMOR","enchants":{"DURABILITY":1},"Damage":39}},{"v":3700,"type":"DIAMOND_HELMET","meta":{"meta-type":"ARMOR","enchants":{"WATER_WORKER":1},"Damage":43}},{"v":3700,"type":"EMERALD","amount":64},{"v":3700,"type":"EMERALD","amount":64},{"v":3700,"type":"EMERALD","amount":64},{"v":3700,"type":"EMERALD","amount":64},{"v":3700,"type":"EMERALD","amount":64},{"v":3700,"type":"EMERALD","amount":64}]}}}"
"2024-12-18T06:50:18Z";"DESTROY_CHEST";"{"chest":{"location":{"world":"world","x":-397.0,"y":63.0,"z":-238.0},"createdAt":1734504339687,"expireAt":1734504939687,"owner":{"name":"Minhthichcu","op":false,"id":"a6ea4077-658a-3ba1-9d15-a11facd5a1a5","entity-id":51803,"location":{"world":"world","x":-395.14284664272554,"y":63.0,"z":-239.19972711260706,"yaw":40.350494,"pitch":34.649982}},"isProtected":false,"inventory":{"type":"CHEST","size":27,"content":[]}},"reason":"BREAK","extra":{"player":{"name":"Minhthichcu","op":false,"id":"a6ea4077-658a-3ba1-9d15-a11facd5a1a5","entity-id":51803,"location":{"world":"world","x":-395.14284664272554,"y":63.0,"z":-239.19972711260706,"yaw":40.350494,"pitch":34.649982}}}}"
"2024-12-18T07:07:08Z";"CREATE_CHEST";"{"chest":{"location":{"world":"world","x":-402.0,"y":63.0,"z":-247.0},"createdAt":1734505628185,"expireAt":1734506228185,"owner":{"name":"KaredMc","op":false,"id":"f0bb2e1d-6205-3a10-8994-4be4547f8c4b","entity-id":84029,"location":{"world":"world","x":-401.59116949319076,"y":63.0,"z":-246.22189872233486,"yaw":-149.3493,"pitch":9.099888}},"isProtected":false,"inventory":{"type":"CHEST","size":27,"content":[{"v":3700,"type":"IRON_SWORD","meta":{"meta-type":"UNSPECIFIC","Damage":244}},{"v":3700,"type":"DIAMOND_PICKAXE","meta":{"meta-type":"UNSPECIFIC","Damage":832}},{"v":3700,"type":"DIAMOND_HOE","meta":{"meta-type":"UNSPECIFIC","enchants":{"DIG_SPEED":4,"DURABILITY":3},"Damage":316}},{"v":3700,"type":"DIAMOND_AXE","meta":{"meta-type":"UNSPECIFIC","Damage":1264}},{"v":3700,"type":"DIAMOND_SHOVEL","meta":{"meta-type":"UNSPECIFIC","Damage":296}},{"v":3700,"type":"SHEARS","meta":{"meta-type":"UNSPECIFIC","Damage":1}},{"v":3700,"type":"MAGMA_CREAM"},{"v":3700,"type":"WHEAT","amount":6},{"v":3700,"type":"TORCH","amount":42},{"v":3700,"type":"DIAMOND","amount":37},{"v":3700,"type":"WHEAT_SEEDS","amount":14},{"v":3700,"type":"ROTTEN_FLESH","amount":2},{"v":3700,"type":"PLAYER_HEAD","meta":{"meta-type":"SKULL","display-name":"{\"text\":\"\",\"extra\":[{\"text\":\"Villager\",\"obfuscated\":false,\"italic\":false,\"underlined\":false,\"strikethrough\":false,\"color\":\"yellow\",\"bold\":false}]}","lore":["{\"text\":\"\",\"extra\":[{\"text\":\"Right click to place the villager back.\",\"obfuscated\":false,\"italic\":false,\"underlined\":false,\"strikethrough\":false,\"color\":\"dark_gray\",\"bold\":false}]}"],"PublicBukkitValues":"{\n    \"clickvillagers:villager_owner\": \"\",\n    \"clickvillagers:villager_tradable\": 1b,\n    \"clickvillagers:villager_uuid\": \"c94365ae-9559-4caf-a070-53494ec67796\"\n}","skull-owner":{}}},{"v":3700,"type":"PLAYER_HEAD","meta":{"meta-type":"SKULL","display-name":"{\"text\":\"\",\"extra\":[{\"text\":\"Villager\",\"obfuscated\":false,\"italic\":false,\"underlined\":false,\"strikethrough\":false,\"color\":\"yellow\",\"bold\":false}]}","lore":["{\"text\":\"\",\"extra\":[{\"text\":\"Right click to place the villager back.\",\"obfuscated\":false,\"italic\":false,\"underlined\":false,\"strikethrough\":false,\"color\":\"dark_gray\",\"bold\":false}]}"],"PublicBukkitValues":"{\n    \"clickvillagers:villager_owner\": \"\",\n    \"clickvillagers:villager_tradable\": 1b,\n    \"clickvillagers:villager_uuid\": \"458fc7b3-c99b-4b8b-bca1-fa4970a8a09e\"\n}","skull-owner":{}}},{"v":3700,"type":"IRON_SWORD","meta":{"meta-type":"UNSPECIFIC","enchants":{"LOOT_BONUS_MOBS":2,"DAMAGE_ALL":3},"Damage":1}},{"v":3700,"type":"TRIDENT","meta":{"meta-type":"UNSPECIFIC","Damage":213}},{"v":3700,"type":"IRON_BOOTS","meta":{"meta-type":"ARMOR","Damage":8}},{"v":3700,"type":"IRON_LEGGINGS","meta":{"meta-type":"ARMOR","Damage":8}},{"v":3700,"type":"IRON_CHESTPLATE","meta":{"meta-type":"ARMOR","Damage":8}},{"v":3700,"type":"IRON_HELMET","meta":{"meta-type":"ARMOR","Damage":8}},{"v":3700,"type":"SHIELD","meta":{"meta-type":"TILE_ENTITY","Damage":201,"blockMaterial":"SHIELD"}}]}}}"
"2024-12-18T07:07:46Z";"CREATE_CHEST";"{"chest":{"location":{"world":"world","x":-399.0,"y":63.0,"z":-252.0},"createdAt":1734505666439,"expireAt":1734506266439,"owner":{"name":"Nambiribiri","op":false,"id":"8e03d546-8d2c-3b19-b2a4-6cf1c8a1d8b4","entity-id":84370,"location":{"world":"world","x":-399.441638119039,"y":64.25220334025373,"z":-250.22965582890743,"yaw":55.149048,"pitch":19.49997}},"isProtected":false,"inventory":{"type":"CHEST","size":45,"content":[{"v":3700,"type":"IRON_SWORD","meta":{"meta-type":"UNSPECIFIC","Damage":68}},{"v":3700,"type":"COBBLED_DEEPSLATE","amount":39},{"v":3700,"type":"LADDER","amount":13},{"v":3700,"type":"WHEAT_SEEDS","amount":2},{"v":3700,"type":"STICK","amount":3},{"v":3700,"type":"IRON_PICKAXE","meta":{"meta-type":"UNSPECIFIC","Damage":8}},{"v":3700,"type":"STONE_PICKAXE","meta":{"meta-type":"UNSPECIFIC","Damage":122}},{"v":3700,"type":"ARROW"},{"v":3700,"type":"GOLDEN_SHOVEL","meta":{"meta-type":"UNSPECIFIC","Damage":5}},{"v":3700,"type":"WOODEN_SHOVEL","meta":{"meta-type":"UNSPECIFIC","Damage":6}},{"v":3700,"type":"ROTTEN_FLESH","amount":8},{"v":3700,"type":"BIRCH_LOG","amount":42},{"v":3700,"type":"BONE","amount":10},{"v":3700,"type":"GLOWSTONE_DUST","amount":22},{"v":3700,"type":"RAW_COPPER","amount":24},{"v":3700,"type":"IRON_PICKAXE","meta":{"meta-type":"UNSPECIFIC","Damage":224}},{"v":3700,"type":"DIRT","amount":23},{"v":3700,"type":"TORCH","amount":8},{"v":3700,"type":"IRON_PICKAXE","meta":{"meta-type":"UNSPECIFIC","Damage":240}},{"v":3700,"type":"COPPER_INGOT","amount":24},{"v":3700,"type":"DANDELION"},{"v":3700,"type":"CHEST"},{"v":3700,"type":"PLAYER_HEAD","meta":{"meta-type":"SKULL","display-name":"{\"text\":\"\",\"extra\":[{\"text\":\"Villager\",\"obfuscated\":false,\"italic\":false,\"underlined\":false,\"strikethrough\":false,\"color\":\"yellow\",\"bold\":false}]}","lore":["{\"text\":\"\",\"extra\":[{\"text\":\"Right click to place the villager back.\",\"obfuscated\":false,\"italic\":false,\"underlined\":false,\"strikethrough\":false,\"color\":\"dark_gray\",\"bold\":false}]}"],"PublicBukkitValues":"{\n    \"clickvillagers:villager_owner\": \"\",\n    \"clickvillagers:villager_tradable\": 1b,\n    \"clickvillagers:villager_uuid\": \"458fc7b3-c99b-4b8b-bca1-fa4970a8a09e\"\n}","skull-owner":{}}},{"v":3700,"type":"BIRCH_TRAPDOOR","amount":2},{"v":3700,"type":"GLISTERING_MELON_SLICE","amount":4},{"v":3700,"type":"SHEARS","meta":{"meta-type":"UNSPECIFIC","Damage":3}},{"v":3700,"type":"MAGMA_CREAM","amount":2},{"v":3700,"type":"LAPIS_LAZULI","amount":14},{"v":3700,"type":"COBBLED_DEEPSLATE","amount":44},{"v":3700,"type":"IRON_INGOT","amount":3},{"v":3700,"type":"IRON_AXE","meta":{"meta-type":"UNSPECIFIC","Damage":36}},{"v":3700,"type":"PLAYER_HEAD","meta":{"meta-type":"SKULL","display-name":"{\"text\":\"\",\"extra\":[{\"text\":\"Villager\",\"obfuscated\":false,\"italic\":false,\"underlined\":false,\"strikethrough\":false,\"color\":\"yellow\",\"bold\":false}]}","lore":["{\"text\":\"\",\"extra\":[{\"text\":\"Right click to place the villager back.\",\"obfuscated\":false,\"italic\":false,\"underlined\":false,\"strikethrough\":false,\"color\":\"dark_gray\",\"bold\":false}]}"],"PublicBukkitValues":"{\n    \"clickvillagers:villager_owner\": \"\",\n    \"clickvillagers:villager_tradable\": 1b,\n    \"clickvillagers:villager_uuid\": \"c94365ae-9559-4caf-a070-53494ec67796\"\n}","skull-owner":{}}},{"v":3700,"type":"IRON_PICKAXE"},{"v":3700,"type":"SADDLE"},{"v":3700,"type":"LADDER","amount":3},{"v":3700,"type":"IRON_BOOTS","meta":{"meta-type":"ARMOR","Damage":42}},{"v":3700,"type":"IRON_LEGGINGS","meta":{"meta-type":"ARMOR","Damage":42}},{"v":3700,"type":"IRON_CHESTPLATE","meta":{"meta-type":"ARMOR","Damage":42}},{"v":3700,"type":"IRON_HELMET","meta":{"meta-type":"ARMOR","Damage":42}}]}}}"
"2024-12-18T07:07:47Z";"DESTROY_CHEST";"{"chest":{"location":{"world":"world","x":-402.0,"y":63.0,"z":-247.0},"createdAt":1734505628185,"expireAt":1734506228185,"owner":{"name":"KaredMc","op":false,"id":"f0bb2e1d-6205-3a10-8994-4be4547f8c4b","entity-id":84029,"location":{"world":"world","x":-400.706410868253,"y":63.0,"z":-246.43743327781146,"yaw":96.750275,"pitch":61.444973}},"isProtected":false,"inventory":{"type":"CHEST","size":27,"content":[{"v":3700,"type":"IRON_SWORD","meta":{"meta-type":"UNSPECIFIC","Damage":244}},{"v":3700,"type":"DIAMOND_PICKAXE","meta":{"meta-type":"UNSPECIFIC","Damage":832}},{"v":3700,"type":"DIAMOND_HOE","meta":{"meta-type":"UNSPECIFIC","enchants":{"DIG_SPEED":4,"DURABILITY":3},"Damage":316}},{"v":3700,"type":"DIAMOND_AXE","meta":{"meta-type":"UNSPECIFIC","Damage":1264}},{"v":3700,"type":"DIAMOND_SHOVEL","meta":{"meta-type":"UNSPECIFIC","Damage":296}},{"v":3700,"type":"SHEARS","meta":{"meta-type":"UNSPECIFIC","Damage":1}},{"v":3700,"type":"MAGMA_CREAM"},{"v":3700,"type":"WHEAT","amount":6},{"v":3700,"type":"TORCH","amount":42},{"v":3700,"type":"WHEAT_SEEDS","amount":14},{"v":3700,"type":"ROTTEN_FLESH","amount":2},{"v":3700,"type":"BIRCH_PLANKS","amount":29},{"v":3700,"type":"STRING","amount":38},{"v":3700,"type":"IRON_SWORD","meta":{"meta-type":"UNSPECIFIC","enchants":{"LOOT_BONUS_MOBS":2,"DAMAGE_ALL":3},"Damage":1}},{"v":3700,"type":"TRIDENT","meta":{"meta-type":"UNSPECIFIC","Damage":213}},{"v":3700,"type":"IRON_BOOTS","meta":{"meta-type":"ARMOR","Damage":8}},{"v":3700,"type":"IRON_LEGGINGS","meta":{"meta-type":"ARMOR","Damage":8}},{"v":3700,"type":"IRON_CHESTPLATE","meta":{"meta-type":"ARMOR","Damage":8}},{"v":3700,"type":"IRON_HELMET","meta":{"meta-type":"ARMOR","Damage":8}},{"v":3700,"type":"SHIELD","meta":{"meta-type":"TILE_ENTITY","Damage":201,"blockMaterial":"SHIELD"}}]}},"reason":"BREAK","extra":{"player":{"name":"KaredMc","op":false,"id":"f0bb2e1d-6205-3a10-8994-4be4547f8c4b","entity-id":84029,"location":{"world":"world","x":-400.706410868253,"y":63.0,"z":-246.43743327781146,"yaw":96.750275,"pitch":61.444973}}}}"
"2024-12-18T07:08:59Z";"DESTROY_CHEST";"{"chest":{"location":{"world":"world","x":-399.0,"y":63.0,"z":-252.0},"createdAt":1734505666439,"expireAt":1734506266439,"owner":{"name":"Nambiribiri","op":false,"id":"8e03d546-8d2c-3b19-b2a4-6cf1c8a1d8b4","entity-id":84370,"location":{"world":"world","x":-400.02629318202554,"y":63.0,"z":-247.90562127881188,"yaw":-173.89996,"pitch":13.649982}},"isProtected":false,"inventory":{"type":"CHEST","size":45,"content":[]}},"reason":"BREAK","extra":{"player":{"name":"KaredMc","op":false,"id":"f0bb2e1d-6205-3a10-8994-4be4547f8c4b","entity-id":84029,"location":{"world":"world","x":-400.65907038221997,"y":63.0,"z":-250.25627926038445,"yaw":-114.89965,"pitch":23.344984}}}}"
"2024-12-18T07:10:01Z";"CREATE_CHEST";"{"chest":{"location":{"world":"world","x":-401.0,"y":60.0,"z":-253.0},"createdAt":1734505801736,"expireAt":1734506401736,"owner":{"name":"Nambiribiri","op":false,"id":"8e03d546-8d2c-3b19-b2a4-6cf1c8a1d8b4","entity-id":84370,"location":{"world":"world","x":-400.29299173826234,"y":60.0,"z":-252.69999998807907,"yaw":-55.551514,"pitch":22.649961}},"isProtected":false,"inventory":{"type":"CHEST","size":27,"content":[{"v":3700,"type":"GLISTERING_MELON_SLICE","amount":4},{"v":3700,"type":"DANDELION"},{"v":3700,"type":"STONE_PICKAXE","meta":{"meta-type":"UNSPECIFIC","Damage":122}},{"v":3700,"type":"BIRCH_LOG","amount":42},{"v":3700,"type":"IRON_SWORD","meta":{"meta-type":"UNSPECIFIC","Damage":68}},{"v":3700,"type":"LAPIS_LAZULI","amount":14},{"v":3700,"type":"GOLDEN_SHOVEL","meta":{"meta-type":"UNSPECIFIC","Damage":5}},{"v":3700,"type":"IRON_PICKAXE"},{"v":3700,"type":"IRON_AXE","meta":{"meta-type":"UNSPECIFIC","Damage":36}},{"v":3700,"type":"IRON_INGOT","amount":3},{"v":3700,"type":"DIRT","amount":23},{"v":3700,"type":"BONE","amount":10},{"v":3700,"type":"GLOWSTONE_DUST","amount":22},{"v":3700,"type":"IRON_PICKAXE","meta":{"meta-type":"UNSPECIFIC","Damage":240}},{"v":3700,"type":"IRON_PICKAXE","meta":{"meta-type":"UNSPECIFIC","Damage":224}},{"v":3700,"type":"IRON_PICKAXE","meta":{"meta-type":"UNSPECIFIC","Damage":8}},{"v":3700,"type":"SHEARS","meta":{"meta-type":"UNSPECIFIC","Damage":3}},{"v":3700,"type":"IRON_BOOTS","meta":{"meta-type":"ARMOR","Damage":46}},{"v":3700,"type":"IRON_LEGGINGS","meta":{"meta-type":"ARMOR","Damage":46}},{"v":3700,"type":"IRON_CHESTPLATE","meta":{"meta-type":"ARMOR","Damage":46}},{"v":3700,"type":"IRON_HELMET","meta":{"meta-type":"ARMOR","Damage":46}}]}}}"
"2024-12-18T07:10:54Z";"DESTROY_CHEST";"{"chest":{"location":{"world":"world","x":-401.0,"y":60.0,"z":-253.0},"createdAt":1734505801736,"expireAt":1734506401736,"owner":{"name":"Nambiribiri","op":false,"id":"8e03d546-8d2c-3b19-b2a4-6cf1c8a1d8b4","entity-id":84370,"location":{"world":"world","x":-400.29299173826234,"y":60.0,"z":-252.69999998807907,"yaw":-21.351538,"pitch":83.54996}},"isProtected":false,"inventory":{"type":"CHEST","size":27,"content":[]}},"reason":"PLAYER","extra":{"player":{"name":"Nambiribiri","op":false,"id":"8e03d546-8d2c-3b19-b2a4-6cf1c8a1d8b4","entity-id":84370,"location":{"world":"world","x":-400.29299173826234,"y":60.0,"z":-252.69999998807907,"yaw":-21.351538,"pitch":83.54996}}}}"
"2024-12-18T07:44:34Z";"CREATE_CHEST";"{"chest":{"location":{"world":"world","x":-279.0,"y":63.0,"z":203.0},"createdAt":1734507874190,"expireAt":1734508474190,"owner":{"name":"Dragon_Gaming_VN","op":false,"id":"89ca2685-4a9f-3809-b51d-15b6ba4e29e4","entity-id":107113,"location":{"world":"world","x":-278.85098052102256,"y":63.0,"z":203.9243430440385,"yaw":-119.15454,"pitch":14.849953}},"isProtected":false,"inventory":{"type":"CHEST","size":27,"content":[{"v":3700,"type":"COOKED_BEEF","amount":5},{"v":3700,"type":"LAVA_BUCKET"},{"v":3700,"type":"WATER_BUCKET"},{"v":3700,"type":"IRON_PICKAXE","meta":{"meta-type":"UNSPECIFIC","Damage":148}},{"v":3700,"type":"IRON_PICKAXE"},{"v":3700,"type":"IRON_AXE","meta":{"meta-type":"UNSPECIFIC","Damage":38}},{"v":3700,"type":"BIRCH_PLANKS","amount":60},{"v":3700,"type":"IRON_INGOT","amount":43},{"v":3700,"type":"TORCH","amount":8},{"v":3700,"type":"CRAFTING_TABLE"},{"v":3700,"type":"COAL","amount":23},{"v":3700,"type":"STICK","amount":4},{"v":3700,"type":"LAPIS_LAZULI","amount":20},{"v":3700,"type":"FURNACE","amount":3},{"v":3700,"type":"RAW_COPPER","amount":33},{"v":3700,"type":"STRING","amount":4},{"v":3700,"type":"ARROW","amount":6},{"v":3700,"type":"DANDELION"},{"v":3700,"type":"REDSTONE","amount":61},{"v":3700,"type":"STONE_AXE","meta":{"meta-type":"UNSPECIFIC","Damage":24}},{"v":3700,"type":"RAW_GOLD","amount":2},{"v":3700,"type":"LEATHER","amount":4},{"v":3700,"type":"IRON_BOOTS","meta":{"meta-type":"ARMOR","Damage":35}},{"v":3700,"type":"IRON_LEGGINGS","meta":{"meta-type":"ARMOR","Damage":35}},{"v":3700,"type":"IRON_CHESTPLATE","meta":{"meta-type":"ARMOR","Damage":35}},{"v":3700,"type":"IRON_HELMET","meta":{"meta-type":"ARMOR","Damage":35}},{"v":3700,"type":"SHIELD","meta":{"meta-type":"TILE_ENTITY","Damage":24,"blockMaterial":"SHIELD"}}]}}}"
"2024-12-18T07:45:39Z";"DESTROY_CHEST";"{"chest":{"location":{"world":"world","x":-279.0,"y":63.0,"z":203.0},"createdAt":1734507874190,"expireAt":1734508474190,"owner":{"name":"Dragon_Gaming_VN","op":false,"id":"89ca2685-4a9f-3809-b51d-15b6ba4e29e4","entity-id":107113,"location":{"world":"world","x":-279.2316299401092,"y":63.0,"z":204.43894830735576,"yaw":-141.50473,"pitch":43.34995}},"isProtected":false,"inventory":{"type":"CHEST","size":27,"content":[{"v":3700,"type":"COOKED_BEEF","amount":5},{"v":3700,"type":"LAVA_BUCKET"},{"v":3700,"type":"WATER_BUCKET"},{"v":3700,"type":"IRON_PICKAXE","meta":{"meta-type":"UNSPECIFIC","Damage":148}},{"v":3700,"type":"IRON_PICKAXE"},{"v":3700,"type":"IRON_AXE","meta":{"meta-type":"UNSPECIFIC","Damage":38}},{"v":3700,"type":"BIRCH_PLANKS","amount":60},{"v":3700,"type":"IRON_INGOT","amount":43},{"v":3700,"type":"TORCH","amount":8},{"v":3700,"type":"CRAFTING_TABLE"},{"v":3700,"type":"COAL","amount":23},{"v":3700,"type":"STICK","amount":4},{"v":3700,"type":"LAPIS_LAZULI","amount":20},{"v":3700,"type":"FURNACE","amount":3},{"v":3700,"type":"RAW_COPPER","amount":33},{"v":3700,"type":"STRING","amount":4},{"v":3700,"type":"ARROW","amount":6},{"v":3700,"type":"DANDELION"},{"v":3700,"type":"REDSTONE","amount":61},{"v":3700,"type":"STONE_AXE","meta":{"meta-type":"UNSPECIFIC","Damage":24}},{"v":3700,"type":"RAW_GOLD","amount":2},{"v":3700,"type":"LEATHER","amount":4},{"v":3700,"type":"IRON_BOOTS","meta":{"meta-type":"ARMOR","Damage":35}},{"v":3700,"type":"IRON_LEGGINGS","meta":{"meta-type":"ARMOR","Damage":35}},{"v":3700,"type":"IRON_CHESTPLATE","meta":{"meta-type":"ARMOR","Damage":35}},{"v":3700,"type":"IRON_HELMET","meta":{"meta-type":"ARMOR","Damage":35}},{"v":3700,"type":"SHIELD","meta":{"meta-type":"TILE_ENTITY","Damage":24,"blockMaterial":"SHIELD"}}]}},"reason":"BREAK","extra":{"player":{"name":"Dragon_Gaming_VN","op":false,"id":"89ca2685-4a9f-3809-b51d-15b6ba4e29e4","entity-id":107113,"location":{"world":"world","x":-279.2316299401092,"y":63.0,"z":204.43894830735576,"yaw":-141.50473,"pitch":43.34995}}}}"
"2024-12-18T07:45:39Z";"DESTROY_CHEST";"{"chest":{"location":{"world":"world","x":-279.0,"y":63.0,"z":203.0},"createdAt":1734507874190,"expireAt":1734508474190,"owner":{"name":"Dragon_Gaming_VN","op":false,"id":"89ca2685-4a9f-3809-b51d-15b6ba4e29e4","entity-id":107113,"location":{"world":"world","x":-279.2316299401092,"y":63.0,"z":204.43894830735576,"yaw":-141.50473,"pitch":43.34995}},"isProtected":false,"inventory":{"type":"CHEST","size":27,"content":[]}},"reason":"PLAYER","extra":{"player":{"name":"Dragon_Gaming_VN","op":false,"id":"89ca2685-4a9f-3809-b51d-15b6ba4e29e4","entity-id":107113,"location":{"world":"world","x":-279.2316299401092,"y":63.0,"z":204.43894830735576,"yaw":-141.50473,"pitch":43.34995}}}}"
"2024-12-18T07:47:50Z";"CREATE_CHEST";"{"chest":{"location":{"world":"world","x":-313.0,"y":63.0,"z":185.0},"createdAt":1734508070893,"expireAt":1734508670893,"owner":{"name":"Nambiribiri","op":false,"id":"8e03d546-8d2c-3b19-b2a4-6cf1c8a1d8b4","entity-id":103440,"location":{"world":"world","x":-312.15773645695873,"y":63.1212968405392,"z":185.2758675779031,"yaw":-65.555664,"pitch":17.699768}},"isProtected":false,"inventory":{"type":"CHEST","size":45,"content":[{"v":3700,"type":"BELL"},{"v":3700,"type":"BUCKET"},{"v":3700,"type":"IRON_AXE","meta":{"meta-type":"UNSPECIFIC","Damage":39}},{"v":3700,"type":"IRON_SWORD","meta":{"meta-type":"UNSPECIFIC","Damage":95}},{"v":3700,"type":"STRING","amount":57},{"v":3700,"type":"SHEARS","meta":{"meta-type":"UNSPECIFIC","Damage":5}},{"v":3700,"type":"COOKED_CHICKEN"},{"v":3700,"type":"IRON_PICKAXE","meta":{"meta-type":"UNSPECIFIC","Damage":244}},{"v":3700,"type":"NETHER_BRICKS","amount":9},{"v":3700,"type":"BASALT","amount":5},{"v":3700,"type":"COBBLESTONE","amount":64},{"v":3700,"type":"GOLDEN_CHESTPLATE","meta":{"meta-type":"ARMOR","Damage":8}},{"v":3700,"type":"ROTTEN_FLESH","amount":2},{"v":3700,"type":"COBBLESTONE","amount":64},{"v":3700,"type":"IRON_PICKAXE","meta":{"meta-type":"UNSPECIFIC","Damage":8}},{"v":3700,"type":"COBBLED_DEEPSLATE","amount":64},{"v":3700,"type":"STRING","amount":64},{"v":3700,"type":"STRING","amount":64},{"v":3700,"type":"STRING","amount":64},{"v":3700,"type":"STRING","amount":64},{"v":3700,"type":"GLISTERING_MELON_SLICE","amount":4},{"v":3700,"type":"COBBLESTONE","amount":64},{"v":3700,"type":"MAGMA_CREAM"},{"v":3700,"type":"GOLDEN_SHOVEL","meta":{"meta-type":"UNSPECIFIC","Damage":5}},{"v":3700,"type":"IRON_PICKAXE"},{"v":3700,"type":"LAPIS_LAZULI","amount":14},{"v":3700,"type":"STRING","amount":63},{"v":3700,"type":"IRON_PICKAXE","meta":{"meta-type":"UNSPECIFIC","Damage":231}},{"v":3700,"type":"SADDLE"},{"v":3700,"type":"GOLDEN_HORSE_ARMOR"},{"v":3700,"type":"GOLDEN_HORSE_ARMOR"},{"v":3700,"type":"BONE","amount":11},{"v":3700,"type":"BIRCH_LOG","amount":42},{"v":3700,"type":"GLOWSTONE_DUST","amount":22},{"v":3700,"type":"GOLDEN_SWORD"},{"v":3700,"type":"IRON_BOOTS","meta":{"meta-type":"ARMOR","Damage":139}},{"v":3700,"type":"IRON_LEGGINGS","meta":{"meta-type":"ARMOR","Damage":139}},{"v":3700,"type":"IRON_CHESTPLATE","meta":{"meta-type":"ARMOR","Damage":131}},{"v":3700,"type":"IRON_HELMET","meta":{"meta-type":"ARMOR","Damage":139}}]}}}"
"2024-12-18T07:53:06Z";"CREATE_CHEST";"{"chest":{"location":{"world":"world","x":-463.0,"y":67.0,"z":7.0},"createdAt":1734508386845,"expireAt":1734508986845,"owner":{"name":"Nambiribiri","op":false,"id":"8e03d546-8d2c-3b19-b2a4-6cf1c8a1d8b4","entity-id":121554,"location":{"world":"world","x":-462.69999998807907,"y":67.0,"z":7.300000011920929,"yaw":-57.80198,"pitch":7.349953}},"isProtected":false,"inventory":{"type":"CHEST","size":27,"content":[{"v":3700,"type":"TRIDENT","meta":{"meta-type":"UNSPECIFIC","Damage":213}},{"v":3700,"type":"COOKED_PORKCHOP","amount":6},{"v":3700,"type":"SADDLE"},{"v":3700,"type":"GOLDEN_HORSE_ARMOR"},{"v":3700,"type":"GOLDEN_HORSE_ARMOR"},{"v":3700,"type":"BONE","amount":11},{"v":3700,"type":"BIRCH_LOG","amount":42},{"v":3700,"type":"GLOWSTONE_DUST","amount":22},{"v":3700,"type":"IRON_PICKAXE"},{"v":3700,"type":"IRON_PICKAXE","meta":{"meta-type":"UNSPECIFIC","Damage":8}},{"v":3700,"type":"COBBLED_DEEPSLATE","amount":64},{"v":3700,"type":"IRON_PICKAXE","meta":{"meta-type":"UNSPECIFIC","Damage":244}},{"v":3700,"type":"MAGMA_CREAM"},{"v":3700,"type":"GOLDEN_CHESTPLATE","meta":{"meta-type":"ARMOR","Damage":8}},{"v":3700,"type":"LAPIS_LAZULI","amount":14},{"v":3700,"type":"GOLDEN_SHOVEL","meta":{"meta-type":"UNSPECIFIC","Damage":5}},{"v":3700,"type":"COOKED_CHICKEN"},{"v":3700,"type":"IRON_INGOT"},{"v":3700,"type":"NETHER_BRICKS","amount":9},{"v":3700,"type":"IRON_BOOTS","meta":{"meta-type":"ARMOR","Damage":8}},{"v":3700,"type":"IRON_LEGGINGS","meta":{"meta-type":"ARMOR","Damage":8}},{"v":3700,"type":"IRON_CHESTPLATE","meta":{"meta-type":"ARMOR","Damage":8}},{"v":3700,"type":"IRON_HELMET","meta":{"meta-type":"ARMOR","Damage":8}}]}}}"
"2024-12-18T07:54:05Z";"DESTROY_CHEST";"{"chest":{"location":{"world":"world","x":-463.0,"y":67.0,"z":7.0},"createdAt":1734508386845,"expireAt":1734508986845,"owner":{"name":"Nambiribiri","op":false,"id":"8e03d546-8d2c-3b19-b2a4-6cf1c8a1d8b4","entity-id":121554,"location":{"world":"world","x":-462.69999998807907,"y":67.0,"z":7.300000011920929,"yaw":-13.7019005,"pitch":70.20003}},"isProtected":false,"inventory":{"type":"CHEST","size":27,"content":[]}},"reason":"PLAYER","extra":{"player":{"name":"Nambiribiri","op":false,"id":"8e03d546-8d2c-3b19-b2a4-6cf1c8a1d8b4","entity-id":121554,"location":{"world":"world","x":-462.69999998807907,"y":67.0,"z":7.300000011920929,"yaw":-13.7019005,"pitch":70.20003}}}}"
"2024-12-18T07:55:34Z";"CREATE_CHEST";"{"chest":{"location":{"world":"world","x":-476.0,"y":63.0,"z":-13.0},"createdAt":1734508534790,"expireAt":1734509134790,"owner":{"name":"Nambiribiri","op":false,"id":"8e03d546-8d2c-3b19-b2a4-6cf1c8a1d8b4","entity-id":121554,"location":{"world":"world","x":-475.30000001192093,"y":63.0,"z":-12.699999988079071,"yaw":61.298065,"pitch":32.699554}},"isProtected":false,"inventory":{"type":"CHEST","size":36,"content":[{"v":3700,"type":"FEATHER","amount":2},{"v":3700,"type":"CHICKEN"},{"v":3700,"type":"COOKED_PORKCHOP","amount":4},{"v":3700,"type":"SADDLE"},{"v":3700,"type":"BIRCH_LOG","amount":42},{"v":3700,"type":"WHEAT_SEEDS"},{"v":3700,"type":"IRON_BOOTS","meta":{"meta-type":"ARMOR","Damage":8}},{"v":3700,"type":"IRON_HELMET","meta":{"meta-type":"ARMOR","Damage":8}},{"v":3700,"type":"IRON_CHESTPLATE","meta":{"meta-type":"ARMOR","Damage":8}},{"v":3700,"type":"IRON_LEGGINGS","meta":{"meta-type":"ARMOR","Damage":8}},{"v":3700,"type":"IRON_PICKAXE","meta":{"meta-type":"UNSPECIFIC","Damage":8}},{"v":3700,"type":"IRON_INGOT"},{"v":3700,"type":"COBBLED_DEEPSLATE","amount":64},{"v":3700,"type":"IRON_PICKAXE","meta":{"meta-type":"UNSPECIFIC","Damage":244}},{"v":3700,"type":"COOKED_CHICKEN"},{"v":3700,"type":"NETHER_BRICKS","amount":9},{"v":3700,"type":"MAGMA_CREAM"},{"v":3700,"type":"STRING","amount":2},{"v":3700,"type":"LAPIS_LAZULI","amount":14},{"v":3700,"type":"GOLDEN_SHOVEL","meta":{"meta-type":"UNSPECIFIC","Damage":5}},{"v":3700,"type":"IRON_PICKAXE","meta":{"meta-type":"UNSPECIFIC","Damage":148}},{"v":3700,"type":"IRON_PICKAXE"},{"v":3700,"type":"IRON_SWORD","meta":{"meta-type":"UNSPECIFIC","Damage":95}},{"v":3700,"type":"GOLDEN_CHESTPLATE","meta":{"meta-type":"ARMOR","Damage":8}},{"v":3700,"type":"IRON_PICKAXE","meta":{"meta-type":"UNSPECIFIC","Damage":231}},{"v":3700,"type":"GOLDEN_HORSE_ARMOR"},{"v":3700,"type":"BONE","amount":11},{"v":3700,"type":"GOLDEN_HORSE_ARMOR"},{"v":3700,"type":"GLOWSTONE_DUST","amount":22},{"v":3700,"type":"IRON_BOOTS","meta":{"meta-type":"ARMOR","Damage":158}},{"v":3700,"type":"IRON_LEGGINGS","meta":{"meta-type":"ARMOR","Damage":158}},{"v":3700,"type":"IRON_CHESTPLATE","meta":{"meta-type":"ARMOR","Damage":150}},{"v":3700,"type":"IRON_HELMET","meta":{"meta-type":"ARMOR","Damage":158}}]}}}"
"2024-12-18T07:56:54Z";"CREATE_CHEST";"{"chest":{"location":{"world":"world","x":-478.0,"y":61.0,"z":-13.0},"createdAt":1734508614795,"expireAt":1734509214795,"owner":{"name":"Nambiribiri","op":false,"id":"8e03d546-8d2c-3b19-b2a4-6cf1c8a1d8b4","entity-id":121554,"location":{"world":"world","x":-476.30000001192093,"y":64.02442408821369,"z":-11.341210789165142,"yaw":-16.100494,"pitch":36.44963}},"isProtected":false,"inventory":{"type":"CHEST","size":9,"content":[{"v":3700,"type":"IRON_SWORD","meta":{"meta-type":"UNSPECIFIC","Damage":95}}]}}}"
"2024-12-18T07:57:31Z";"DESTROY_CHEST";"{"chest":{"location":{"world":"world","x":-478.0,"y":61.0,"z":-13.0},"createdAt":1734508614795,"expireAt":1734509214795,"owner":{"name":"Nambiribiri","op":false,"id":"8e03d546-8d2c-3b19-b2a4-6cf1c8a1d8b4","entity-id":121554,"location":{"world":"world","x":-476.89211196261937,"y":63.0,"z":-11.944219302395142,"yaw":53.4996,"pitch":34.0494}},"isProtected":false,"inventory":{"type":"CHEST","size":9,"content":[]}},"reason":"THIEF","extra":{"player":{"name":"Dragon_Gaming_VN","op":false,"id":"89ca2685-4a9f-3809-b51d-15b6ba4e29e4","entity-id":114351,"location":{"world":"world","x":-477.583860718005,"y":63.0,"z":-11.619933551127136,"yaw":-177.94458,"pitch":74.100426}}}}"
"2024-12-18T07:57:50Z";"DESTROY_CHEST";"{"chest":{"location":{"world":"world","x":-313.0,"y":63.0,"z":185.0},"createdAt":1734508070893,"expireAt":1734508670893,"owner":{"name":"Nambiribiri","op":false,"id":"8e03d546-8d2c-3b19-b2a4-6cf1c8a1d8b4","entity-id":103440,"location":{"world":"world","x":-249.2494536083868,"y":63.0,"z":214.47605835826263,"yaw":-104.30057,"pitch":8.700144}},"isProtected":false,"inventory":{"type":"CHEST","size":45,"content":[{"v":3700,"type":"STRING","amount":57},{"v":3700,"type":"BASALT","amount":5},{"v":3700,"type":"COBBLESTONE","amount":64},{"v":3700,"type":"ROTTEN_FLESH","amount":2},{"v":3700,"type":"STRING","amount":64},{"v":3700,"type":"STRING","amount":64},{"v":3700,"type":"STRING","amount":64},{"v":3700,"type":"STRING","amount":64},{"v":3700,"type":"GLISTERING_MELON_SLICE","amount":4},{"v":3700,"type":"COBBLESTONE","amount":64},{"v":3700,"type":"COBBLESTONE","amount":64},{"v":3700,"type":"STRING","amount":63}]}},"reason":"EXPIRATION","extra":{"item-drops":false}}"
"2024-12-18T07:58:25Z";"CREATE_CHEST";"{"chest":{"location":{"world":"world","x":-476.0,"y":64.0,"z":-13.0},"createdAt":1734508705404,"expireAt":1734509305404,"owner":{"name":"Nambiribiri","op":false,"id":"8e03d546-8d2c-3b19-b2a4-6cf1c8a1d8b4","entity-id":121554,"location":{"world":"world","x":-475.30000001192093,"y":63.875,"z":-12.699999988079071,"yaw":44.949585,"pitch":35.999332}},"isProtected":false,"inventory":{"type":"CHEST","size":9,"content":[{"v":3700,"type":"GLOWSTONE_DUST","amount":22},{"v":3700,"type":"IRON_BOOTS","meta":{"meta-type":"ARMOR","Damage":158}},{"v":3700,"type":"IRON_LEGGINGS","meta":{"meta-type":"ARMOR","Damage":158}},{"v":3700,"type":"IRON_CHESTPLATE","meta":{"meta-type":"ARMOR","Damage":150}},{"v":3700,"type":"IRON_HELMET","meta":{"meta-type":"ARMOR","Damage":158}}]}}}"
"2024-12-18T08:04:27Z";"CREATE_CHEST";"{"chest":{"location":{"world":"world","x":-241.0,"y":64.0,"z":219.0},"createdAt":1734509067525,"expireAt":1734509667525,"owner":{"name":"Nambiribiri","op":false,"id":"8e03d546-8d2c-3b19-b2a4-6cf1c8a1d8b4","entity-id":129513,"location":{"world":"world","x":-240.30309273667916,"y":64.0,"z":220.28013030113726,"yaw":6.996815,"pitch":45.599915}},"isProtected":false,"inventory":{"type":"CHEST","size":27,"content":[{"v":3700,"type":"BEEF","amount":3},{"v":3700,"type":"MUTTON","amount":3},{"v":3700,"type":"DIAMOND_CHESTPLATE","meta":{"meta-type":"ARMOR","enchants":{"DURABILITY":1}}},{"v":3700,"type":"DIAMOND_CHESTPLATE","meta":{"meta-type":"ARMOR","enchants":{"DURABILITY":1}}},{"v":3700,"type":"DIAMOND_CHESTPLATE","meta":{"meta-type":"ARMOR","enchants":{"DURABILITY":1}}},{"v":3700,"type":"DIAMOND_CHESTPLATE","meta":{"meta-type":"ARMOR","enchants":{"DURABILITY":1}}},{"v":3700,"type":"DIAMOND_CHESTPLATE","meta":{"meta-type":"ARMOR","enchants":{"DURABILITY":1}}},{"v":3700,"type":"LANTERN","amount":64},{"v":3700,"type":"DIAMOND_CHESTPLATE","meta":{"meta-type":"ARMOR","enchants":{"DURABILITY":1}}},{"v":3700,"type":"DIAMOND_CHESTPLATE","meta":{"meta-type":"ARMOR","enchants":{"DURABILITY":1}}},{"v":3700,"type":"DIAMOND_CHESTPLATE","meta":{"meta-type":"ARMOR","enchants":{"DURABILITY":1}}},{"v":3700,"type":"DIAMOND_CHESTPLATE","meta":{"meta-type":"ARMOR","enchants":{"DURABILITY":1}}},{"v":3700,"type":"DIAMOND_CHESTPLATE","meta":{"meta-type":"ARMOR","enchants":{"DURABILITY":1}}},{"v":3700,"type":"DIAMOND_CHESTPLATE","meta":{"meta-type":"ARMOR","enchants":{"DURABILITY":1}}},{"v":3700,"type":"DIAMOND_CHESTPLATE","meta":{"meta-type":"ARMOR","enchants":{"DURABILITY":1}}},{"v":3700,"type":"DIAMOND_CHESTPLATE","meta":{"meta-type":"ARMOR","enchants":{"DURABILITY":1}}},{"v":3700,"type":"DIAMOND_CHESTPLATE","meta":{"meta-type":"ARMOR","enchants":{"DURABILITY":1}}},{"v":3700,"type":"LANTERN","amount":64},{"v":3700,"type":"LANTERN","amount":64},{"v":3700,"type":"LANTERN","amount":10},{"v":3700,"type":"DIAMOND_CHESTPLATE","meta":{"meta-type":"ARMOR","enchants":{"DURABILITY":1},"Damage":2}}]}}}"
"2024-12-18T08:04:45Z";"DESTROY_CHEST";"{"chest":{"location":{"world":"world","x":-241.0,"y":64.0,"z":219.0},"createdAt":1734509067525,"expireAt":1734509667525,"owner":{"name":"Nambiribiri","op":false,"id":"8e03d546-8d2c-3b19-b2a4-6cf1c8a1d8b4","entity-id":129513,"location":{"world":"world","x":-244.14235263676042,"y":63.0,"z":216.85694610630333,"yaw":142.14992,"pitch":15.749929}},"isProtected":false,"inventory":{"type":"CHEST","size":27,"content":[]}},"reason":"BREAK","extra":{"player":{"name":"sang2934","op":true,"id":"8b1d0df2-2113-3d44-9c80-473ba0cfb6aa","entity-id":118214,"location":{"world":"world","x":-241.7049656134656,"y":63.0,"z":217.9194819320948,"yaw":-31.400116,"pitch":7.649966}}}}"
"2024-12-18T08:05:34Z";"DESTROY_CHEST";"{"chest":{"location":{"world":"world","x":-476.0,"y":63.0,"z":-13.0},"createdAt":1734508534790,"expireAt":1734509134790,"owner":{"name":"Nambiribiri","op":false,"id":"8e03d546-8d2c-3b19-b2a4-6cf1c8a1d8b4","entity-id":121554,"location":{"world":"world","x":-238.36454560363043,"y":62.875,"z":218.356887746878,"yaw":151.75128,"pitch":29.100359}},"isProtected":false,"inventory":{"type":"CHEST","size":36,"content":[{"v":3700,"type":"FEATHER","amount":2},{"v":3700,"type":"CHICKEN"},{"v":3700,"type":"LEATHER","amount":8},{"v":3700,"type":"SADDLE"},{"v":3700,"type":"BIRCH_LOG","amount":42},{"v":3700,"type":"WHEAT_SEEDS"},{"v":3700,"type":"DANDELION"},{"v":3700,"type":"STONE_AXE","meta":{"meta-type":"UNSPECIFIC","Damage":24}},{"v":3700,"type":"LIGHT_GRAY_WOOL"},{"v":3700,"type":"COBBLED_DEEPSLATE","amount":64},{"v":3700,"type":"IRON_PICKAXE","meta":{"meta-type":"UNSPECIFIC","Damage":244}},{"v":3700,"type":"COOKED_CHICKEN"},{"v":3700,"type":"NETHER_BRICKS","amount":9},{"v":3700,"type":"MAGMA_CREAM"},{"v":3700,"type":"STRING","amount":2},{"v":3700,"type":"LAPIS_LAZULI","amount":14},{"v":3700,"type":"IRON_PICKAXE","meta":{"meta-type":"UNSPECIFIC","Damage":148}},{"v":3700,"type":"GOLDEN_CHESTPLATE","meta":{"meta-type":"ARMOR","Damage":8}},{"v":3700,"type":"IRON_PICKAXE","meta":{"meta-type":"UNSPECIFIC","Damage":231}},{"v":3700,"type":"GOLDEN_HORSE_ARMOR"},{"v":3700,"type":"BONE","amount":11},{"v":3700,"type":"GOLDEN_HORSE_ARMOR"}]}},"reason":"EXPIRATION","extra":{"item-drops":false}}"
"2024-12-18T08:08:25Z";"DESTROY_CHEST";"{"chest":{"location":{"world":"world","x":-476.0,"y":64.0,"z":-13.0},"createdAt":1734508705404,"expireAt":1734509305404,"owner":{"name":"Nambiribiri","op":false,"id":"8e03d546-8d2c-3b19-b2a4-6cf1c8a1d8b4","entity-id":121554,"location":{"world":"world","x":-238.36454560363043,"y":62.875,"z":218.356887746878,"yaw":151.75128,"pitch":29.100359}},"isProtected":false,"inventory":{"type":"CHEST","size":9,"content":[{"v":3700,"type":"GLOWSTONE_DUST","amount":22},{"v":3700,"type":"IRON_BOOTS","meta":{"meta-type":"ARMOR","Damage":158}},{"v":3700,"type":"IRON_LEGGINGS","meta":{"meta-type":"ARMOR","Damage":158}},{"v":3700,"type":"IRON_CHESTPLATE","meta":{"meta-type":"ARMOR","Damage":150}},{"v":3700,"type":"IRON_HELMET","meta":{"meta-type":"ARMOR","Damage":158}}]}},"reason":"EXPIRATION","extra":{"item-drops":false}}"
"2024-12-18T08:20:54Z";"CREATE_CHEST";"{"chest":{"location":{"world":"world","x":-432.0,"y":-37.0,"z":62.0},"createdAt":1734510054877,"expireAt":1734510654877,"owner":{"name":"Dragon_Gaming_VN","op":false,"id":"89ca2685-4a9f-3809-b51d-15b6ba4e29e4","entity-id":139813,"location":{"world":"world","x":-431.30000001192093,"y":-37.0,"z":62.30000001192093,"yaw":-26.89856,"pitch":28.649963}},"isProtected":false,"inventory":{"type":"CHEST","size":45,"content":[{"v":3700,"type":"IRON_PICKAXE"},{"v":3700,"type":"DIAMOND_CHESTPLATE","meta":{"meta-type":"ARMOR","enchants":{"DURABILITY":1}}},{"v":3700,"type":"DIAMOND_AXE","meta":{"meta-type":"UNSPECIFIC","enchants":{"DIG_SPEED":2}}},{"v":3700,"type":"BUCKET","amount":2},{"v":3700,"type":"TORCH","amount":5},{"v":3700,"type":"COOKED_PORKCHOP"},{"v":3700,"type":"LAVA_BUCKET"},{"v":3700,"type":"DIAMOND_SWORD","meta":{"meta-type":"UNSPECIFIC","enchants":{"DAMAGE_ARTHROPODS":1}}},{"v":3700,"type":"DIAMOND_AXE","meta":{"meta-type":"UNSPECIFIC","enchants":{"LOOT_BONUS_BLOCKS":1,"DURABILITY":2}}},{"v":3700,"type":"REDSTONE","amount":61},{"v":3700,"type":"COBBLESTONE","amount":37},{"v":3700,"type":"BIRCH_PLANKS","amount":60},{"v":3700,"type":"COAL","amount":23},{"v":3700,"type":"ARROW","amount":7},{"v":3700,"type":"MUTTON","amount":3},{"v":3700,"type":"IRON_INGOT","amount":29},{"v":3700,"type":"BEEF","amount":2},{"v":3700,"type":"IRON_BOOTS","meta":{"meta-type":"ARMOR","Damage":8}},{"v":3700,"type":"DIAMOND_SHOVEL","meta":{"meta-type":"UNSPECIFIC","enchants":{"DURABILITY":1}}},{"v":3700,"type":"CHICKEN","amount":5},{"v":3700,"type":"IRON_HELMET","meta":{"meta-type":"ARMOR","Damage":76}},{"v":3700,"type":"FURNACE","amount":3},{"v":3700,"type":"IRON_AXE","meta":{"meta-type":"UNSPECIFIC","Damage":148}},{"v":3700,"type":"IRON_LEGGINGS","meta":{"meta-type":"ARMOR","Damage":8}},{"v":3700,"type":"IRON_CHESTPLATE","meta":{"meta-type":"ARMOR","Damage":8}},{"v":3700,"type":"IRON_LEGGINGS","meta":{"meta-type":"ARMOR","Damage":40}},{"v":3700,"type":"SHEARS","meta":{"meta-type":"UNSPECIFIC","Damage":5}},{"v":3700,"type":"GOLDEN_SWORD"},{"v":3700,"type":"ANDESITE","amount":3},{"v":3700,"type":"IRON_HELMET","meta":{"meta-type":"ARMOR","Damage":12}},{"v":3700,"type":"DIAMOND_PICKAXE","meta":{"meta-type":"UNSPECIFIC","enchants":{"DURABILITY":1}}},{"v":3700,"type":"IRON_PICKAXE"},{"v":3700,"type":"IRON_CHESTPLATE","meta":{"meta-type":"ARMOR","Damage":38}},{"v":3700,"type":"GOLDEN_SHOVEL","meta":{"meta-type":"UNSPECIFIC","Damage":5}},{"v":3700,"type":"IRON_AXE","meta":{"meta-type":"UNSPECIFIC","Damage":39}},{"v":3700,"type":"RAW_GOLD","amount":7},{"v":3700,"type":"DIAMOND_BOOTS","meta":{"meta-type":"ARMOR","enchants":{"PROTECTION_ENVIRONMENTAL":2},"Damage":12}},{"v":3700,"type":"DIAMOND_LEGGINGS","meta":{"meta-type":"ARMOR","enchants":{"PROTECTION_PROJECTILE":3,"DURABILITY":2},"Damage":11}},{"v":3700,"type":"DIAMOND_CHESTPLATE","meta":{"meta-type":"ARMOR","enchants":{"DURABILITY":1},"Damage":10}},{"v":3700,"type":"DIAMOND_HELMET","meta":{"meta-type":"ARMOR","enchants":{"WATER_WORKER":1},"Damage":14}},{"v":3700,"type":"SHIELD","meta":{"meta-type":"TILE_ENTITY","Damage":24,"blockMaterial":"SHIELD"}}]}}}"
"2024-12-18T08:34:58Z";"DESTROY_CHEST";"{"chest":{"location":{"world":"world","x":-432.0,"y":-37.0,"z":62.0},"createdAt":1734510054877,"expireAt":1734510654877,"owner":{},"isProtected":false,"inventory":{"type":"CHEST","size":9,"content":[{"v":3700,"type":"COBBLESTONE","amount":37},{"v":3700,"type":"BIRCH_PLANKS","amount":60}]}},"reason":"EXPIRATION","extra":{"item-drops":false}}"
"2024-12-18T09:28:43Z";"CREATE_CHEST";"{"chest":{"location":{"world":"world","x":-390.0,"y":-59.0,"z":-254.0},"createdAt":1734514123764,"expireAt":1734514723764,"owner":{"name":"amogus20241","op":false,"id":"0e9c0d48-1115-33f6-85dd-22f539d99bc9","entity-id":3853,"location":{"world":"world","x":-389.69999998807907,"y":-58.5625,"z":-254.07499998807907,"yaw":-21.099564,"pitch":15.000035}},"isProtected":false,"inventory":{"type":"CHEST","size":45,"content":[{"v":3700,"type":"IRON_SWORD","meta":{"meta-type":"UNSPECIFIC","Damage":24}},{"v":3700,"type":"FLINT_AND_STEEL","meta":{"meta-type":"UNSPECIFIC","Damage":50}},{"v":3700,"type":"CRAFTING_TABLE"},{"v":3700,"type":"IRON_AXE","meta":{"meta-type":"UNSPECIFIC","Damage":166}},{"v":3700,"type":"DIAMOND_PICKAXE","meta":{"meta-type":"UNSPECIFIC","Damage":201}},{"v":3700,"type":"LAVA_BUCKET"},{"v":3700,"type":"IRON_INGOT","amount":64},{"v":3700,"type":"BIRCH_PLANKS","amount":35},{"v":3700,"type":"BASALT","amount":8},{"v":3700,"type":"IRON_SWORD","meta":{"meta-type":"UNSPECIFIC","Damage":240}},{"v":3700,"type":"BLACKSTONE"},{"v":3700,"type":"COAL","amount":33},{"v":3700,"type":"ENCHANTED_BOOK","meta":{"meta-type":"ENCHANTED","stored-enchants":{"PROTECTION_FALL":4}}},{"v":3700,"type":"FLINT","amount":9},{"v":3700,"type":"COBBLED_DEEPSLATE","amount":4},{"v":3700,"type":"COBBLESTONE","amount":64},{"v":3700,"type":"TRIDENT","meta":{"meta-type":"UNSPECIFIC","Damage":235}},{"v":3700,"type":"ARROW","amount":19},{"v":3700,"type":"BLAST_FURNACE"},{"v":3700,"type":"SOUL_SAND","amount":20},{"v":3700,"type":"TORCH"},{"v":3700,"type":"STICK","amount":6},{"v":3700,"type":"LEAD"},{"v":3700,"type":"BLAZE_ROD","amount":2},{"v":3700,"type":"WHITE_WOOL","amount":3},{"v":3700,"type":"BIRCH_PLANKS","amount":13},{"v":3700,"type":"COBBLESTONE","amount":32},{"v":3700,"type":"DIAMOND","amount":14},{"v":3700,"type":"BOW"},{"v":3700,"type":"OBSIDIAN","amount":4},{"v":3700,"type":"NAME_TAG"},{"v":3700,"type":"STRING","amount":54},{"v":3700,"type":"NETHER_BRICKS","amount":25},{"v":3700,"type":"CHEST","amount":2},{"v":3700,"type":"NETHER_WART","amount":7},{"v":3700,"type":"BIRCH_PLANKS","amount":41},{"v":3700,"type":"IRON_LEGGINGS","meta":{"meta-type":"ARMOR","enchants":{"PROTECTION_PROJECTILE":4,"DURABILITY":3},"Damage":188}},{"v":3700,"type":"IRON_CHESTPLATE","meta":{"meta-type":"ARMOR","Damage":147}},{"v":3700,"type":"IRON_HELMET","meta":{"meta-type":"ARMOR","Damage":119}},{"v":3700,"type":"SHIELD","meta":{"meta-type":"TILE_ENTITY","Damage":16,"blockMaterial":"SHIELD"}}]}}}"
"2024-12-18T09:29:20Z";"DESTROY_CHEST";"{"chest":{"location":{"world":"world","x":-390.0,"y":-59.0,"z":-254.0},"createdAt":1734514123764,"expireAt":1734514723764,"owner":{"name":"amogus20241","op":false,"id":"0e9c0d48-1115-33f6-85dd-22f539d99bc9","entity-id":3853,"location":{"world":"world","x":-389.07499998807907,"y":-58.5625,"z":-254.23750001192093,"yaw":21.050423,"pitch":47.40003}},"isProtected":false,"inventory":{"type":"CHEST","size":45,"content":[]}},"reason":"PLAYER","extra":{"player":{"name":"amogus20241","op":false,"id":"0e9c0d48-1115-33f6-85dd-22f539d99bc9","entity-id":3853,"location":{"world":"world","x":-389.07499998807907,"y":-58.5625,"z":-254.23750001192093,"yaw":21.050423,"pitch":47.40003}}}}"
"2024-12-18T09:31:30Z";"CREATE_CHEST";"{"chest":{"location":{"world":"world","x":-390.0,"y":-58.0,"z":-259.0},"createdAt":1734514290524,"expireAt":1734514890524,"owner":{"name":"Minhthichcu","op":false,"id":"a6ea4077-658a-3ba1-9d15-a11facd5a1a5","entity-id":310,"location":{"world":"world","x":-389.69999998807907,"y":-58.4375,"z":-258.76249998807907,"yaw":33.799133,"pitch":20.100037}},"isProtected":false,"inventory":{"type":"CHEST","size":18,"content":[{"v":3700,"type":"DIAMOND_SWORD","meta":{"meta-type":"UNSPECIFIC","enchants":{"LOOT_BONUS_MOBS":3,"DAMAGE_ALL":5},"repair-cost":3,"Damage":109}},{"v":3700,"type":"BOW","meta":{"meta-type":"UNSPECIFIC","enchants":{"ARROW_INFINITE":1,"ARROW_DAMAGE":5,"ARROW_KNOCKBACK":1,"DURABILITY":2},"repair-cost":3,"Damage":74}},{"v":3700,"type":"DIAMOND_PICKAXE","meta":{"meta-type":"UNSPECIFIC","enchants":{"DIG_SPEED":5,"LOOT_BONUS_BLOCKS":3,"DURABILITY":1},"repair-cost":3,"Damage":415}},{"v":3700,"type":"DIAMOND_HOE"},{"v":3700,"type":"IRON_INGOT","amount":5},{"v":3700,"type":"GOLDEN_CARROT","amount":47},{"v":3700,"type":"DIAMOND_AXE","meta":{"meta-type":"UNSPECIFIC","enchants":{"LOOT_BONUS_BLOCKS":1,"DURABILITY":2},"Damage":12}},{"v":3700,"type":"ENDER_EYE","amount":6},{"v":3700,"type":"STRING"},{"v":3700,"type":"EMERALD_BLOCK","amount":33},{"v":3700,"type":"DIAMOND_BOOTS","meta":{"meta-type":"ARMOR","enchants":{"PROTECTION_ENVIRONMENTAL":2},"Damage":329}},{"v":3700,"type":"DIAMOND_LEGGINGS","meta":{"meta-type":"ARMOR","enchants":{"PROTECTION_PROJECTILE":3,"DURABILITY":2},"Damage":272}},{"v":3700,"type":"DIAMOND_CHESTPLATE","meta":{"meta-type":"ARMOR","enchants":{"DURABILITY":1},"Damage":287}}]}}}"
"2024-12-18T09:32:48Z";"DESTROY_CHEST";"{"chest":{"location":{"world":"world","x":-390.0,"y":-58.0,"z":-259.0},"createdAt":1734514290524,"expireAt":1734514890524,"owner":{"name":"Minhthichcu","op":false,"id":"a6ea4077-658a-3ba1-9d15-a11facd5a1a5","entity-id":310,"location":{"world":"world","x":-383.50637086593724,"y":-59.0,"z":-255.76598178144235,"yaw":10.699921,"pitch":14.100002}},"isProtected":false,"inventory":{"type":"CHEST","size":18,"content":[]}},"reason":"BREAK","extra":{"player":{"name":"sang2934","op":true,"id":"8b1d0df2-2113-3d44-9c80-473ba0cfb6aa","entity-id":470,"location":{"world":"world","x":-388.2069151933482,"y":-59.0,"z":-257.5255532610415,"yaw":132.42311,"pitch":7.4718456}}}}"
"2024-12-18T09:33:33Z";"CREATE_CHEST";"{"chest":{"location":{"world":"world","x":-387.0,"y":-59.0,"z":-262.0},"createdAt":1734514413626,"expireAt":1734515013626,"owner":{"name":"Minhthichcu","op":false,"id":"a6ea4077-658a-3ba1-9d15-a11facd5a1a5","entity-id":310,"location":{"world":"world","x":-385.5670975194307,"y":-58.0,"z":-260.0208943348228,"yaw":-10.000244,"pitch":26.85}},"isProtected":false,"inventory":{"type":"CHEST","size":36,"content":[{"v":3700,"type":"STRING","amount":64},{"v":3700,"type":"STRING","amount":64},{"v":3700,"type":"STRING","amount":64},{"v":3700,"type":"STRING","amount":64},{"v":3700,"type":"STRING","amount":64},{"v":3700,"type":"STRING","amount":64},{"v":3700,"type":"STRING","amount":64},{"v":3700,"type":"STRING","amount":64},{"v":3700,"type":"STRING","amount":64},{"v":3700,"type":"EMERALD","amount":41},{"v":3700,"type":"EMERALD","amount":64},{"v":3700,"type":"EMERALD","amount":64},{"v":3700,"type":"EMERALD","amount":64},{"v":3700,"type":"DIAMOND_BOOTS","meta":{"meta-type":"ARMOR","enchants":{"PROTECTION_ENVIRONMENTAL":2},"Damage":329}},{"v":3700,"type":"DIAMOND_LEGGINGS","meta":{"meta-type":"ARMOR","enchants":{"PROTECTION_PROJECTILE":3,"DURABILITY":2},"Damage":272}},{"v":3700,"type":"STRING","amount":64},{"v":3700,"type":"STRING","amount":64},{"v":3700,"type":"STRING","amount":64},{"v":3700,"type":"STRING","amount":64},{"v":3700,"type":"STRING","amount":64},{"v":3700,"type":"STRING","amount":64},{"v":3700,"type":"STRING","amount":64},{"v":3700,"type":"STRING","amount":64},{"v":3700,"type":"STRING","amount":64},{"v":3700,"type":"STRING","amount":64},{"v":3700,"type":"STRING","amount":64},{"v":3700,"type":"STRING","amount":64},{"v":3700,"type":"STRING","amount":64},{"v":3700,"type":"STRING","amount":64},{"v":3700,"type":"STRING","amount":64},{"v":3700,"type":"DIAMOND_CHESTPLATE","meta":{"meta-type":"ARMOR","enchants":{"DURABILITY":1},"Damage":287}},{"v":3700,"type":"EMERALD","amount":64},{"v":3700,"type":"GOLDEN_CARROT","amount":47}]}}}"
"2024-12-18T09:33:42Z";"DESTROY_CHEST";"{"chest":{"location":{"world":"world","x":-387.0,"y":-59.0,"z":-262.0},"createdAt":1734514413626,"expireAt":1734515013626,"owner":{"name":"Minhthichcu","op":false,"id":"a6ea4077-658a-3ba1-9d15-a11facd5a1a5","entity-id":310,"location":{"world":"world","x":-386.24527250616626,"y":-58.0,"z":-259.86156245450485,"yaw":175.55013,"pitch":46.5}},"isProtected":false,"inventory":{"type":"CHEST","size":36,"content":[]}},"reason":"PLAYER","extra":{"player":{"name":"Minhthichcu","op":false,"id":"a6ea4077-658a-3ba1-9d15-a11facd5a1a5","entity-id":310,"location":{"world":"world","x":-386.24527250616626,"y":-58.0,"z":-259.86156245450485,"yaw":175.55013,"pitch":46.5}}}}"
"2024-12-18T09:42:28Z";"CREATE_CHEST";"{"chest":{"location":{"world":"world","x":-390.0,"y":-28.0,"z":-248.0},"createdAt":1734514948073,"expireAt":1734515548073,"owner":{"name":"Minhthichcu","op":false,"id":"a6ea4077-658a-3ba1-9d15-a11facd5a1a5","entity-id":310,"location":{"world":"world","x":-389.69999998807907,"y":-30.62040057910493,"z":-247.30000001192093,"yaw":-82.14987,"pitch":81.299995}},"isProtected":false,"inventory":{"type":"CHEST","size":36,"content":[{"v":3700,"type":"EMERALD","amount":64},{"v":3700,"type":"EMERALD","amount":64},{"v":3700,"type":"EMERALD","amount":64},{"v":3700,"type":"EMERALD","amount":64},{"v":3700,"type":"DIAMOND_AXE","meta":{"meta-type":"UNSPECIFIC","enchants":{"LOOT_BONUS_BLOCKS":1,"DURABILITY":2},"Damage":9}},{"v":3700,"type":"EMERALD","amount":64},{"v":3700,"type":"EMERALD","amount":64},{"v":3700,"type":"EMERALD","amount":64},{"v":3700,"type":"GOLDEN_CARROT","amount":47},{"v":3700,"type":"LEAD"},{"v":3700,"type":"ENCHANTED_BOOK","meta":{"meta-type":"ENCHANTED","stored-enchants":{"PROTECTION_ENVIRONMENTAL":4}}},{"v":3700,"type":"ENCHANTED_BOOK","meta":{"meta-type":"ENCHANTED","stored-enchants":{"PROTECTION_ENVIRONMENTAL":4}}},{"v":3700,"type":"ENCHANTED_BOOK","meta":{"meta-type":"ENCHANTED","stored-enchants":{"PROTECTION_ENVIRONMENTAL":4}}},{"v":3700,"type":"ENCHANTED_BOOK","meta":{"meta-type":"ENCHANTED","stored-enchants":{"PROTECTION_ENVIRONMENTAL":4}}},{"v":3700,"type":"ENCHANTED_BOOK","meta":{"meta-type":"ENCHANTED","stored-enchants":{"DIG_SPEED":5}}},{"v":3700,"type":"ENCHANTED_BOOK","meta":{"meta-type":"ENCHANTED","stored-enchants":{"DIG_SPEED":5}}},{"v":3700,"type":"BOOK","amount":7},{"v":3700,"type":"ENCHANTED_BOOK","meta":{"meta-type":"ENCHANTED","stored-enchants":{"DIG_SPEED":5}}},{"v":3700,"type":"BOOK","amount":64},{"v":3700,"type":"ENCHANTED_BOOK","meta":{"meta-type":"ENCHANTED","stored-enchants":{"DIG_SPEED":5}}},{"v":3700,"type":"EMERALD","amount":35},{"v":3700,"type":"EMERALD","amount":64},{"v":3700,"type":"EMERALD","amount":64},{"v":3700,"type":"EMERALD","amount":64},{"v":3700,"type":"EMERALD","amount":64},{"v":3700,"type":"EMERALD","amount":64},{"v":3700,"type":"EMERALD","amount":64},{"v":3700,"type":"EMERALD","amount":64},{"v":3700,"type":"EMERALD","amount":64},{"v":3700,"type":"EMERALD","amount":64},{"v":3700,"type":"EMERALD","amount":64},{"v":3700,"type":"EMERALD","amount":64},{"v":3700,"type":"EMERALD","amount":64}]}}}"
"2024-12-18T09:42:49Z";"DESTROY_CHEST";"{"chest":{"location":{"world":"world","x":-390.0,"y":-28.0,"z":-248.0},"createdAt":1734514948073,"expireAt":1734515548073,"owner":{"name":"Minhthichcu","op":false,"id":"a6ea4077-658a-3ba1-9d15-a11facd5a1a5","entity-id":310,"location":{"world":"world","x":-389.30000001192093,"y":-27.125,"z":-247.30000001192093,"yaw":87.64993,"pitch":88.35002}},"isProtected":false,"inventory":{"type":"CHEST","size":36,"content":[]}},"reason":"PLAYER","extra":{"player":{"name":"Minhthichcu","op":false,"id":"a6ea4077-658a-3ba1-9d15-a11facd5a1a5","entity-id":310,"location":{"world":"world","x":-389.30000001192093,"y":-27.125,"z":-247.30000001192093,"yaw":87.64993,"pitch":88.35002}}}}"
"2024-12-18T09:49:03Z";"CREATE_CHEST";"{"chest":{"location":{"world":"world","x":-390.0,"y":12.0,"z":-249.0},"createdAt":1734515343680,"expireAt":1734515943680,"owner":{"name":"Minhthichcu","op":false,"id":"a6ea4077-658a-3ba1-9d15-a11facd5a1a5","entity-id":310,"location":{"world":"world","x":-389.30000001192093,"y":12.978457035608402,"z":-248.66907245386415,"yaw":-88.30043,"pitch":89.85}},"isProtected":false,"inventory":{"type":"CHEST","size":9,"content":[{"v":3700,"type":"GOLDEN_CARROT","amount":47},{"v":3700,"type":"STRING","amount":64}]}}}"
"2024-12-18T09:49:57Z";"DESTROY_CHEST";"{"chest":{"location":{"world":"world","x":-390.0,"y":12.0,"z":-249.0},"createdAt":1734515343680,"expireAt":1734515943680,"owner":{"name":"Minhthichcu","op":false,"id":"a6ea4077-658a-3ba1-9d15-a11facd5a1a5","entity-id":310,"location":{"world":"world","x":-389.69999998807907,"y":10.200000047683716,"z":-248.6523055276673,"yaw":70.10031,"pitch":-82.5}},"isProtected":false,"inventory":{"type":"CHEST","size":9,"content":[]}},"reason":"PLAYER","extra":{"player":{"name":"Minhthichcu","op":false,"id":"a6ea4077-658a-3ba1-9d15-a11facd5a1a5","entity-id":310,"location":{"world":"world","x":-389.69999998807907,"y":10.200000047683716,"z":-248.6523055276673,"yaw":70.10031,"pitch":-82.5}}}}"
"2024-12-18T09:51:22Z";"CREATE_CHEST";"{"chest":{"location":{"world":"world","x":-390.0,"y":-9.0,"z":-248.0},"createdAt":1734515482421,"expireAt":1734516082421,"owner":{"name":"Minhthichcu","op":false,"id":"a6ea4077-658a-3ba1-9d15-a11facd5a1a5","entity-id":310,"location":{"world":"world","x":-389.58710094911237,"y":-8.17488343390999,"z":-247.30000001192093,"yaw":93.50003,"pitch":87.450005}},"isProtected":false,"inventory":{"type":"CHEST","size":9,"content":[{"v":3700,"type":"ARROW","amount":3},{"v":3700,"type":"KELP","amount":57},{"v":3700,"type":"KELP","amount":10},{"v":3700,"type":"GOLDEN_CARROT","amount":47},{"v":3700,"type":"WATER_BUCKET"},{"v":3700,"type":"WATER_BUCKET"},{"v":3700,"type":"WATER_BUCKET"}]}}}"
"2024-12-18T09:51:33Z";"DESTROY_CHEST";"{"chest":{"location":{"world":"world","x":-390.0,"y":-9.0,"z":-248.0},"createdAt":1734515482421,"expireAt":1734516082421,"owner":{"name":"Minhthichcu","op":false,"id":"a6ea4077-658a-3ba1-9d15-a11facd5a1a5","entity-id":310,"location":{"world":"world","x":-389.58710094911237,"y":-9.149890290226555,"z":-247.30000001192093,"yaw":93.50003,"pitch":87.600006}},"isProtected":false,"inventory":{"type":"CHEST","size":9,"content":[]}},"reason":"PLAYER","extra":{"player":{"name":"Minhthichcu","op":false,"id":"a6ea4077-658a-3ba1-9d15-a11facd5a1a5","entity-id":310,"location":{"world":"world","x":-389.58710094911237,"y":-9.149890290226555,"z":-247.30000001192093,"yaw":93.50003,"pitch":87.600006}}}}"
"2024-12-18T09:55:50Z";"CREATE_CHEST";"{"chest":{"location":{"world":"world","x":-390.0,"y":6.0,"z":-248.0},"createdAt":1734515750875,"expireAt":1734516350875,"owner":{"name":"Minhthichcu","op":false,"id":"a6ea4077-658a-3ba1-9d15-a11facd5a1a5","entity-id":310,"location":{"world":"world","x":-389.30000001192093,"y":6.099172443064076,"z":-247.7540341541064,"yaw":92.89987,"pitch":88.04998}},"isProtected":false,"inventory":{"type":"CHEST","size":18,"content":[{"v":3700,"type":"KELP","amount":54},{"v":3700,"type":"DIRT","amount":33},{"v":3700,"type":"BOW","meta":{"meta-type":"UNSPECIFIC","enchants":{"ARROW_FIRE":1,"MENDING":1,"ARROW_DAMAGE":5,"ARROW_KNOCKBACK":2,"DURABILITY":3},"repair-cost":7,"Damage":2}},{"v":3700,"type":"DIAMOND_PICKAXE","meta":{"meta-type":"UNSPECIFIC","enchants":{"DIG_SPEED":5,"LOOT_BONUS_BLOCKS":3,"DURABILITY":1},"repair-cost":3,"Damage":416}},{"v":3700,"type":"GOLDEN_CARROT","amount":45},{"v":3700,"type":"WATER_BUCKET"},{"v":3700,"type":"WATER_BUCKET"},{"v":3700,"type":"WATER_BUCKET"},{"v":3700,"type":"MAGMA_BLOCK"},{"v":3700,"type":"ARROW","amount":4}]}}}"
"2024-12-18T09:56:06Z";"DESTROY_CHEST";"{"chest":{"location":{"world":"world","x":-390.0,"y":6.0,"z":-248.0},"createdAt":1734515750875,"expireAt":1734516350875,"owner":{"name":"Minhthichcu","op":false,"id":"a6ea4077-658a-3ba1-9d15-a11facd5a1a5","entity-id":310,"location":{"world":"world","x":-389.35328949366203,"y":6.875,"z":-247.30356964019828,"yaw":94.69991,"pitch":89.399994}},"isProtected":false,"inventory":{"type":"CHEST","size":18,"content":[]}},"reason":"PLAYER","extra":{"player":{"name":"Minhthichcu","op":false,"id":"a6ea4077-658a-3ba1-9d15-a11facd5a1a5","entity-id":310,"location":{"world":"world","x":-389.35328949366203,"y":6.875,"z":-247.30356964019828,"yaw":94.69991,"pitch":89.399994}}}}"
"2024-12-18T15:08:55Z";"CREATE_CHEST";"{"chest":{"location":{"world":"world","x":-386.0,"y":-59.0,"z":-251.0},"createdAt":1734534535282,"expireAt":1734535135282,"owner":{"name":"Dragon_Gaming_VN","op":false,"id":"89ca2685-4a9f-3809-b51d-15b6ba4e29e4","entity-id":114587,"location":{"world":"world","x":-385.60367300626785,"y":-59.0,"z":-250.05946426989283,"yaw":-69.15326,"pitch":15.000011}},"isProtected":false,"inventory":{"type":"CHEST","size":36,"content":[{"v":3700,"type":"BOW","meta":{"meta-type":"UNSPECIFIC","Damage":11}},{"v":3700,"type":"DIAMOND_PICKAXE","meta":{"meta-type":"UNSPECIFIC","enchants":{"DURABILITY":1},"Damage":9}},{"v":3700,"type":"DIAMOND_AXE","meta":{"meta-type":"UNSPECIFIC","enchants":{"LOOT_BONUS_BLOCKS":1,"DURABILITY":2},"Damage":3}},{"v":3700,"type":"STRING","amount":64},{"v":3700,"type":"STRING","amount":64},{"v":3700,"type":"STRING","amount":64},{"v":3700,"type":"STRING","amount":64},{"v":3700,"type":"STRING","amount":64},{"v":3700,"type":"STRING","amount":64},{"v":3700,"type":"STRING","amount":64},{"v":3700,"type":"STRING","amount":64},{"v":3700,"type":"STRING","amount":64},{"v":3700,"type":"IRON_PICKAXE"},{"v":3700,"type":"LAVA_BUCKET"},{"v":3700,"type":"IRON_INGOT","amount":29},{"v":3700,"type":"BREAD","amount":9},{"v":3700,"type":"STRING","amount":64},{"v":3700,"type":"IRON_PICKAXE","meta":{"meta-type":"UNSPECIFIC","Damage":176}},{"v":3700,"type":"STRING","amount":64},{"v":3700,"type":"STRING","amount":64},{"v":3700,"type":"DIAMOND_SHOVEL","meta":{"meta-type":"UNSPECIFIC","enchants":{"DURABILITY":1}}},{"v":3700,"type":"BEEF","amount":2},{"v":3700,"type":"STRING","amount":64},{"v":3700,"type":"IRON_PICKAXE"},{"v":3700,"type":"STRING","amount":64},{"v":3700,"type":"DIAMOND_AXE","meta":{"meta-type":"UNSPECIFIC","enchants":{"DIG_SPEED":2}}},{"v":3700,"type":"COAL","amount":23},{"v":3700,"type":"STICK"},{"v":3700,"type":"DIAMOND_SWORD","meta":{"meta-type":"UNSPECIFIC","enchants":{"DAMAGE_ARTHROPODS":1}}},{"v":3700,"type":"DIAMOND_CHESTPLATE","meta":{"meta-type":"ARMOR","enchants":{"DURABILITY":1},"Damage":49}},{"v":3700,"type":"STRING","amount":64},{"v":3700,"type":"DIAMOND_BOOTS","meta":{"meta-type":"ARMOR","enchants":{"PROTECTION_ENVIRONMENTAL":2},"Damage":78}},{"v":3700,"type":"DIAMOND_LEGGINGS","meta":{"meta-type":"ARMOR","enchants":{"PROTECTION_PROJECTILE":3,"DURABILITY":2},"Damage":57}},{"v":3700,"type":"DIAMOND_CHESTPLATE","meta":{"meta-type":"ARMOR","enchants":{"DURABILITY":1},"Damage":7}},{"v":3700,"type":"DIAMOND_HELMET","meta":{"meta-type":"ARMOR","enchants":{"WATER_WORKER":1},"Damage":80}},{"v":3700,"type":"SHIELD","meta":{"meta-type":"TILE_ENTITY","Damage":57,"blockMaterial":"SHIELD"}}]}}}"
"2024-12-18T15:18:55Z";"DESTROY_CHEST";"{"chest":{"location":{"world":"world","x":-386.0,"y":-59.0,"z":-251.0},"createdAt":1734534535282,"expireAt":1734535135282,"owner":{"name":"Dragon_Gaming_VN","op":false,"id":"89ca2685-4a9f-3809-b51d-15b6ba4e29e4","entity-id":114587,"location":{"world":"world","x":-385.60367300626785,"y":-59.0,"z":-250.05946426989283,"yaw":-69.15326,"pitch":15.000011}},"isProtected":false,"inventory":{"type":"CHEST","size":36,"content":[{"v":3700,"type":"BOW","meta":{"meta-type":"UNSPECIFIC","Damage":11}},{"v":3700,"type":"DIAMOND_PICKAXE","meta":{"meta-type":"UNSPECIFIC","enchants":{"DURABILITY":1},"Damage":9}},{"v":3700,"type":"DIAMOND_AXE","meta":{"meta-type":"UNSPECIFIC","enchants":{"LOOT_BONUS_BLOCKS":1,"DURABILITY":2},"Damage":3}},{"v":3700,"type":"IRON_PICKAXE"},{"v":3700,"type":"LAVA_BUCKET"},{"v":3700,"type":"BREAD","amount":9},{"v":3700,"type":"IRON_PICKAXE","meta":{"meta-type":"UNSPECIFIC","Damage":176}},{"v":3700,"type":"DIAMOND_SHOVEL","meta":{"meta-type":"UNSPECIFIC","enchants":{"DURABILITY":1}}},{"v":3700,"type":"BEEF","amount":2},{"v":3700,"type":"IRON_PICKAXE"},{"v":3700,"type":"DIAMOND_AXE","meta":{"meta-type":"UNSPECIFIC","enchants":{"DIG_SPEED":2}}},{"v":3700,"type":"COAL","amount":23},{"v":3700,"type":"STICK"},{"v":3700,"type":"DIAMOND_SWORD","meta":{"meta-type":"UNSPECIFIC","enchants":{"DAMAGE_ARTHROPODS":1}}},{"v":3700,"type":"DIAMOND_CHESTPLATE","meta":{"meta-type":"ARMOR","enchants":{"DURABILITY":1},"Damage":49}},{"v":3700,"type":"DIAMOND_BOOTS","meta":{"meta-type":"ARMOR","enchants":{"PROTECTION_ENVIRONMENTAL":2},"Damage":78}},{"v":3700,"type":"DIAMOND_LEGGINGS","meta":{"meta-type":"ARMOR","enchants":{"PROTECTION_PROJECTILE":3,"DURABILITY":2},"Damage":57}},{"v":3700,"type":"DIAMOND_CHESTPLATE","meta":{"meta-type":"ARMOR","enchants":{"DURABILITY":1},"Damage":7}},{"v":3700,"type":"SHIELD","meta":{"meta-type":"TILE_ENTITY","Damage":57,"blockMaterial":"SHIELD"}}]}},"reason":"EXPIRATION","extra":{"item-drops":false}}"
